/*
Navicat MySQL Data Transfer

Source Server         : 127.0.0.1
Source Server Version : 50540
Source Host           : 127.0.0.1:3306
Source Database       : xiudoua

Target Server Type    : MYSQL
Target Server Version : 50540
File Encoding         : 65001

Date: 2017-08-25 00:22:35
*/

SET FOREIGN_KEY_CHECKS=0;

-- ----------------------------
-- Table structure for jf_admin
-- ----------------------------
DROP TABLE IF EXISTS `jf_admin`;
CREATE TABLE `jf_admin` (
  `id` int(11) NOT NULL,
  `login_name` varchar(100) NOT NULL,
  `password` varchar(64) NOT NULL,
  `realname` varchar(255) NOT NULL,
  `last_login_time` bigint(11) NOT NULL,
  `is_super` tinyint(2) NOT NULL,
  PRIMARY KEY (`id`)
) ENGINE=MyISAM DEFAULT CHARSET=utf8;

-- ----------------------------
-- Records of jf_admin
-- ----------------------------
INSERT INTO `jf_admin` VALUES ('1', 'admin', '7fef6171469e80d32c0559f88b377245', '超级管理员', '0', '1');

-- ----------------------------
-- Table structure for jf_admin_role
-- ----------------------------
DROP TABLE IF EXISTS `jf_admin_role`;
CREATE TABLE `jf_admin_role` (
  `id` int(11) NOT NULL AUTO_INCREMENT,
  `role_name` varchar(100) NOT NULL COMMENT '角色名称',
  `menu_serial` varchar(1000) NOT NULL COMMENT 'Json串的菜单',
  PRIMARY KEY (`id`)
) ENGINE=MyISAM AUTO_INCREMENT=3 DEFAULT CHARSET=utf8;

-- ----------------------------
-- Records of jf_admin_role
-- ----------------------------
INSERT INTO `jf_admin_role` VALUES ('1', '超级管理员', '');
INSERT INTO `jf_admin_role` VALUES ('2', '系统管理员', '');

-- ----------------------------
-- Table structure for jf_cms_ads
-- ----------------------------
DROP TABLE IF EXISTS `jf_cms_ads`;
CREATE TABLE `jf_cms_ads` (
  `id` int(11) NOT NULL AUTO_INCREMENT,
  `space_id` int(11) NOT NULL,
  `name` varchar(500) NOT NULL,
  `title` varchar(1000) DEFAULT NULL,
  `thumb` varchar(255) DEFAULT NULL,
  `link_url` varchar(255) NOT NULL DEFAULT '#',
  `create_time` bigint(11) DEFAULT NULL,
  `click_num` int(11) DEFAULT NULL,
  `reorder` int(2) DEFAULT NULL,
  `status` tinyint(2) NOT NULL DEFAULT '0',
  `description` varchar(1000) DEFAULT NULL,
  PRIMARY KEY (`id`)
) ENGINE=MyISAM AUTO_INCREMENT=9 DEFAULT CHARSET=utf8;

-- ----------------------------
-- Records of jf_cms_ads
-- ----------------------------
INSERT INTO `jf_cms_ads` VALUES ('1', '1', '《权利的游戏第七季》', '囧诺，龙妈，啪 啪 啪，色后、三傻和二丫，女权主义升起啦！', 'Uploads/images/ads/2017/08/21/20170821202432.jpg', 'http://www.xiudoua.com', '1501652955000', '0', '1', '1', '');
INSERT INTO `jf_cms_ads` VALUES ('2', '1', '《西部世界第一季》', '烧脑神剧不解释，脑洞不大者请慎重点击', 'Uploads/images/ads/2017/08/21/20170821202420.jpg', 'http://www.xiudoua.com', '1501653043000', '0', '2', '1', '');
INSERT INTO `jf_cms_ads` VALUES ('3', '4', '秀逗啊网站微信公众号', '秀逗啊网站微信公众号', 'Uploads/images/ads/2017/08/02/20170802135653.jpg', '#', '1501653415000', '0', '1', '1', '秀逗啊网站微信公众号');
INSERT INTO `jf_cms_ads` VALUES ('4', '1', '《加勒比海盗系列》', '因为地平线一直在那。你想到达那儿，但你永远到达不了。就是那样，遥不可及难以放弃。', 'Uploads/images/ads/2017/08/21/20170821202408.jpg', 'http://www.xiudoua.com', '1501654107000', '0', '3', '1', '');
INSERT INTO `jf_cms_ads` VALUES ('5', '3', '《西部世界》', '该剧讲述了由一座巨型高科技以西部世界为主题的成人乐园，提供给游客杀戮与性欲的满足，随着接待员有了自主意识和思维，他们开始怀疑 。这个世界的本质，进而觉醒并反抗人类的故事。', 'Uploads/images/ads/2017/08/23/20170823210433.jpg', 'http://www.xiudoua.com', '1503284727000', '0', '2', '1', '');
INSERT INTO `jf_cms_ads` VALUES ('6', '3', '《权利的游戏第七季》', '第六季讲述了珊莎·史塔克逃出了被波顿家族控制的临冬城，开始了一场在凛冬的亡命之旅。丹妮莉丝正走在一条邪恶的道路上，体内流淌的杀戮血液正在她的身上发挥威力。战争与大屠杀，千军万马、刀枪如林的战争，短兵相接、搏命厮杀的激烈对抗，迎接血与火的激情洗礼。', 'Uploads/images/ads/2017/08/23/20170823210358.jpg', 'http://www.xiudoua.com', '1503284781000', '0', '1', '1', '');
INSERT INTO `jf_cms_ads` VALUES ('7', '1', '《指环王系列》', '胖山姆 比尔博 猪脚帅帅的弗罗多 咕噜 咕噜', 'Uploads/images/ads/2017/08/21/20170821202357.jpg', 'http://www.xiudoua.com', '1503296904000', '0', '4', '1', '');
INSERT INTO `jf_cms_ads` VALUES ('8', '1', '《超神学院第三季熊并连》', '盖伦 赵信 小四呀 草丛大喊德玛西亚', 'Uploads/images/ads/2017/08/21/20170821202345.jpg', 'http://www.xiudoua.com', '1503297018000', '0', '5', '1', '');

-- ----------------------------
-- Table structure for jf_cms_ads_place
-- ----------------------------
DROP TABLE IF EXISTS `jf_cms_ads_place`;
CREATE TABLE `jf_cms_ads_place` (
  `id` int(11) NOT NULL AUTO_INCREMENT,
  `name` varchar(255) NOT NULL,
  `width` int(11) NOT NULL,
  `height` int(11) NOT NULL,
  `status` tinyint(2) NOT NULL DEFAULT '0',
  PRIMARY KEY (`id`)
) ENGINE=MyISAM AUTO_INCREMENT=8 DEFAULT CHARSET=utf8;

-- ----------------------------
-- Records of jf_cms_ads_place
-- ----------------------------
INSERT INTO `jf_cms_ads_place` VALUES ('1', '首页顶部大轮播', '1920', '480', '1');
INSERT INTO `jf_cms_ads_place` VALUES ('4', '左侧浮动广告', '100', '100', '1');
INSERT INTO `jf_cms_ads_place` VALUES ('3', '腰带广告', '1200', '200', '1');

-- ----------------------------
-- Table structure for jf_cms_channel
-- ----------------------------
DROP TABLE IF EXISTS `jf_cms_channel`;
CREATE TABLE `jf_cms_channel` (
  `id` int(11) NOT NULL,
  `name` varchar(255) NOT NULL,
  `parent_id` int(11) NOT NULL DEFAULT '0',
  `full_name` varchar(1000) NOT NULL,
  `introduce` varchar(255) DEFAULT NULL,
  `thumb` varchar(255) DEFAULT NULL,
  `c_type` tinyint(2) NOT NULL DEFAULT '1' COMMENT '1缩略图文章，2普通文章，3视频文章',
  `is_nav` tinyint(2) NOT NULL DEFAULT '1',
  `is_blank` tinyint(2) DEFAULT '1',
  `create_time` bigint(11) NOT NULL,
  `status` tinyint(2) NOT NULL DEFAULT '1',
  `reorder` int(5) NOT NULL DEFAULT '1',
  `level` tinyint(2) NOT NULL DEFAULT '1',
  `description` varchar(1000) DEFAULT NULL,
  PRIMARY KEY (`id`)
) ENGINE=MyISAM DEFAULT CHARSET=utf8;

-- ----------------------------
-- Records of jf_cms_channel
-- ----------------------------
INSERT INTO `jf_cms_channel` VALUES ('1', '文字欲', '0', '文字欲', '', 'Uploads/images/channels/2017/08/02/20170802150129.jpg', '2', '1', '-1', '1501657295000', '1', '1', '1', null);
INSERT INTO `jf_cms_channel` VALUES ('2', '图片说', '0', '图片说', '图片说', 'Uploads/images/channels/2017/08/02/20170802150409.jpg', '1', '1', '-1', '1501657454000', '1', '2', '1', null);
INSERT INTO `jf_cms_channel` VALUES ('3', '视频展', '0', '视频专区', '', 'Uploads/images/channels/2017/08/02/20170802150629.png', '3', '1', '-1', '1501657591000', '1', '3', '1', null);
INSERT INTO `jf_cms_channel` VALUES ('4', '下载专区', '0', '下载专区', '下载专区', 'Uploads/images/channels/2017/08/02/20170802150645.png', '1', '1', '-1', '1501657607000', '-1', '1', '1', null);
INSERT INTO `jf_cms_channel` VALUES ('5', '开发视频', '3', '视频专区/开发视频', '开发视频', 'Uploads/images/channels/2017/08/12/20170812150310.jpg', '3', '1', '-1', '1502521392000', '1', '1', '2', null);
INSERT INTO `jf_cms_channel` VALUES ('7', '搞笑视频', '3', '视频专区/搞笑视频', '搞笑视频', 'Uploads/images/channels/2017/08/12/20170812150431.jpg', '3', '1', '-1', '1502521477000', '1', '1', '2', null);
INSERT INTO `jf_cms_channel` VALUES ('8', '六盘水', '0', '六盘水', '', 'Uploads/images/channels/2017/08/17/20170817182425.jpg', '2', '1', '-1', '1502965476000', '1', '8', '1', null);

-- ----------------------------
-- Table structure for jf_cms_content
-- ----------------------------
DROP TABLE IF EXISTS `jf_cms_content`;
CREATE TABLE `jf_cms_content` (
  `id` int(11) NOT NULL AUTO_INCREMENT,
  `title` varchar(1000) NOT NULL COMMENT '标题',
  `thumb` varchar(500) DEFAULT '/assets/admin/images/default.jpg' COMMENT '缩略图',
  `author_id` int(11) NOT NULL,
  `channel_id` int(11) NOT NULL COMMENT '所属栏目ID',
  `c_type` tinyint(2) NOT NULL,
  `channel_name` varchar(255) DEFAULT NULL COMMENT '所属栏目名称',
  `author_name` varchar(255) NOT NULL COMMENT '发表者姓名',
  `source` varchar(255) NOT NULL COMMENT '文章来源',
  `create_time` bigint(22) NOT NULL COMMENT '创建日期',
  `status` tinyint(2) NOT NULL DEFAULT '0' COMMENT '0待审核、1未审核通过、2已审核',
  `is_allow_comment` tinyint(2) NOT NULL DEFAULT '1' COMMENT '是否允许点评（1允许、0不允许）',
  `click_num` int(11) NOT NULL COMMENT '点击次数',
  `like_num` int(11) NOT NULL DEFAULT '0' COMMENT '点赞次数',
  `is_top` tinyint(2) NOT NULL DEFAULT '0' COMMENT '是否置顶（1是0否）',
  `is_recommend` tinyint(2) NOT NULL DEFAULT '0' COMMENT '是否推荐（1是0否）',
  PRIMARY KEY (`id`)
) ENGINE=MyISAM AUTO_INCREMENT=70 DEFAULT CHARSET=utf8;

-- ----------------------------
-- Records of jf_cms_content
-- ----------------------------
INSERT INTO `jf_cms_content` VALUES ('1', '不要孤单，不必彷徨（本站原创）', 'assets/images/default-content.jpg', '1', '1', '2', '文字欲', 'admin', '本站原创', '1501667848000', '1', '1', '0', '0', '-1', '1');
INSERT INTO `jf_cms_content` VALUES ('4', '等你爱我', 'Uploads/images/contents/2017/08/23/20170823211939.jpg', '1', '1', '2', '文字欲', 'admin', '原创小站（http://www.52ycw.com/）', '1503494454000', '1', '1', '0', '0', '-1', '1');
INSERT INTO `jf_cms_content` VALUES ('3', '致我们终将逝去的青春', 'assets/images/default-content.jpg', '1', '2', '1', '图片说', 'admin', '本站原创', '1501669312000', '1', '1', '0', '0', '-1', '-1');
INSERT INTO `jf_cms_content` VALUES ('5', '总有一天，你会与那个对的人不期而遇', 'Uploads/images/contents/2017/08/23/20170823221113.jpg', '1', '1', '2', '文字欲', 'admin', '原创小站（http://www.52ycw.com/）', '1503494683000', '1', '1', '0', '0', '-1', '1');
INSERT INTO `jf_cms_content` VALUES ('6', '万人宠不如一人懂', 'Uploads/images/contents/2017/08/23/20170823221148.jpg', '1', '1', '2', '文字欲', 'admin', '原创小站（http://www.52ycw.com/）', '1503495071000', '1', '1', '0', '0', '-1', '1');
INSERT INTO `jf_cms_content` VALUES ('7', '镌刻一份温情寄予明天', 'assets/images/default-content.jpg', '1', '1', '2', '文字欲', 'admin', '原创小站（http://www.52ycw.com/）', '1503495334000', '1', '1', '0', '0', '-1', '-1');
INSERT INTO `jf_cms_content` VALUES ('8', '未来路很长，我们尚年轻', 'assets/images/default-content.jpg', '1', '1', '2', '文字欲', 'admin', '原创小站（http://www.52ycw.com/）', '1503495527000', '1', '1', '0', '0', '-1', '-1');
INSERT INTO `jf_cms_content` VALUES ('9', '时光流转，我们只能被动接受', 'assets/images/default-content.jpg', '1', '1', '2', '文字欲', 'admin', '原创小站（http://www.52ycw.com/）', '1503495628000', '1', '1', '0', '0', '-1', '-1');
INSERT INTO `jf_cms_content` VALUES ('10', '啼春细雨啣桃红', 'Uploads/images/contents/2017/08/23/20170823221219.jpg', '1', '1', '2', '文字欲', 'admin', '原创小站（http://www.52ycw.com/）', '1503495774000', '1', '1', '0', '0', '-1', '-1');
INSERT INTO `jf_cms_content` VALUES ('11', '且以深情共白头', 'Uploads/images/contents/2017/08/23/20170823221231.jpg', '1', '1', '2', '文字欲', 'admin', '原创小站（http://www.52ycw.com/）', '1503495847000', '1', '1', '26', '0', '-1', '-1');
INSERT INTO `jf_cms_content` VALUES ('12', '时光煮雨，岁月缝花', 'Uploads/images/contents/2017/08/23/20170823221244.jpg', '1', '1', '2', '文字欲', 'admin', '原创小站（http://www.52ycw.com/）', '1503495958000', '1', '1', '23', '0', '-1', '-1');
INSERT INTO `jf_cms_content` VALUES ('13', '文艺复古情怀的老爷车唯美高清图片', 'Uploads/images/contents/2017/08/23/20170823222720.jpg', '1', '2', '1', '图片说', 'admin', '小清新（http://aladd.net/）', '1503498519000', '1', '1', '0', '0', '-1', '-1');
INSERT INTO `jf_cms_content` VALUES ('14', '修身养心的瑜伽运动唯美图片', 'Uploads/images/contents/2017/08/23/20170823223328.jpg', '1', '2', '1', '图片说', 'admin', '小清新（http://aladd.net/）', '1503498848000', '1', '1', '0', '0', '-1', '-1');
INSERT INTO `jf_cms_content` VALUES ('15', '五颜六色的彩色铅笔画笔图片', 'Uploads/images/contents/2017/08/23/20170823223718.jpg', '1', '2', '1', '图片说', 'admin', '小清新（http://aladd.net/）', '1503499053000', '1', '1', '2', '0', '-1', '-1');
INSERT INTO `jf_cms_content` VALUES ('16', '打开书阅读的优美高清图片', 'Uploads/images/contents/2017/08/23/20170823224748.jpg', '1', '2', '1', '图片说', 'admin', '小清新（http://aladd.net）', '1503499719000', '1', '1', '0', '0', '-1', '-1');
INSERT INTO `jf_cms_content` VALUES ('17', '华丽的光影_长曝光城市街景高清图片', 'Uploads/images/contents/2017/08/23/20170823225005.jpg', '1', '2', '1', '图片说', 'admin', '小清新（http://aladd.net）', '1503499820000', '1', '1', '6', '0', '-1', '-1');
INSERT INTO `jf_cms_content` VALUES ('18', '8句扎心了的经典电影台词文字截图', 'Uploads/images/contents/2017/08/23/20170823225720.jpg', '1', '2', '1', '图片说', 'admin', '小清新（http://aladd.net/）', '1503500111000', '1', '1', '22', '0', '-1', '-1');
INSERT INTO `jf_cms_content` VALUES ('19', '“秀逗啊”网站介绍', 'assets/images/default-content.jpg', '1', '5', '3', '开发视频', 'admin', '本站原创', '1503502358000', '1', '1', '11', '0', '-1', '1');
INSERT INTO `jf_cms_content` VALUES ('20', '《教程》秀逗啊网站纯前端首页实现', 'assets/images/default-content.jpg', '1', '5', '3', '开发视频', 'admin', '本站原创', '1503502424000', '1', '1', '2', '0', '-1', '-1');
INSERT INTO `jf_cms_content` VALUES ('21', '《教程》秀逗啊网站纯前端电影列表页及详情页实现', 'assets/images/default-content.jpg', '1', '5', '3', '开发视频', 'admin', '本站原创', '1503502489000', '1', '1', '0', '0', '-1', '-1');
INSERT INTO `jf_cms_content` VALUES ('22', '《教程》秀逗啊网站纯前端文字欲、图片说及详情页实现', 'assets/images/default-content.jpg', '1', '5', '3', '开发视频', 'admin', '本站原创', '1503502705000', '1', '1', '2', '0', '-1', '-1');
INSERT INTO `jf_cms_content` VALUES ('23', '《教程》秀逗啊网站纯前端视频展页面、视频详情页面、联系站长页面实现', 'assets/images/default-content.jpg', '1', '5', '3', '开发视频', 'admin', '本站原创', '1503502880000', '1', '1', '0', '0', '-1', '-1');
INSERT INTO `jf_cms_content` VALUES ('24', '“秀逗啊”网站开发整体架构讲解', 'assets/images/default-content.jpg', '1', '5', '3', '开发视频', 'admin', '本站原创', '1503502949000', '1', '1', '0', '0', '-1', '-1');
INSERT INTO `jf_cms_content` VALUES ('25', '2012年8月第1周悲剧失败碉堡傻缺集锦', 'Uploads/images/contents/2017/08/23/20170823235545.jpg', '1', '7', '3', '搞笑视频', 'admin', '本站原创', '1503503759000', '1', '1', '30', '0', '-1', '1');
INSERT INTO `jf_cms_content` VALUES ('26', '2012年7月最新悲剧失败碉堡傻缺集锦', 'Uploads/images/contents/2017/08/23/20170823235646.jpg', '1', '7', '3', '搞笑视频', 'admin', '本站原创', '1503503817000', '1', '1', '6', '0', '-1', '1');
INSERT INTO `jf_cms_content` VALUES ('27', '2012年7月第三周悲剧失败碉堡傻缺集锦', 'Uploads/images/contents/2017/08/23/20170823235743.jpg', '1', '7', '3', '搞笑视频', 'admin', '本站原创', '1503503872000', '1', '1', '4', '0', '-1', '1');
INSERT INTO `jf_cms_content` VALUES ('28', '2012年7月第一周悲剧失败碉堡傻缺集锦', 'Uploads/images/contents/2017/08/23/20170823235848.jpg', '1', '7', '3', '搞笑视频', 'admin', '本站原创', '1503503945000', '1', '1', '4', '0', '-1', '1');
INSERT INTO `jf_cms_content` VALUES ('29', '2012年7月第4周悲剧失败碉堡傻缺集锦', 'Uploads/images/contents/2017/08/24/20170824000127.jpg', '1', '7', '3', '搞笑视频', 'admin', '本站原创', '1503504096000', '1', '1', '8', '0', '-1', '1');
INSERT INTO `jf_cms_content` VALUES ('30', '2012年7月第2周悲剧失败碉堡傻缺集锦', 'Uploads/images/contents/2017/08/24/20170824000346.jpg', '1', '7', '3', '搞笑视频', 'admin', '本站原创', '1503504238000', '1', '1', '8', '0', '-1', '1');
INSERT INTO `jf_cms_content` VALUES ('31', '水城县精品一、二日游线路', 'Uploads/images/contents/2017/08/24/20170824181748.jpg', '1', '8', '2', '六盘水', 'admin', '六盘水人民政府网(http://www.gzlps.gov.cn/)', '1503570157000', '1', '1', '0', '0', '-1', '-1');
INSERT INTO `jf_cms_content` VALUES ('32', '《多宝幸运星1》第十二集', 'assets/images/default-content.jpg', '1', '7', '3', '搞笑视频', 'admin', '本站原创', '1503573030000', '1', '1', '14', '0', '-1', '-1');

-- ----------------------------
-- Table structure for jf_cms_content_ext
-- ----------------------------
DROP TABLE IF EXISTS `jf_cms_content_ext`;
CREATE TABLE `jf_cms_content_ext` (
  `content_id` int(11) NOT NULL COMMENT '外键内容表',
  `seo_keywords` varchar(1000) DEFAULT NULL COMMENT 'SEO关键字',
  `abstracts` varchar(1000) DEFAULT NULL COMMENT '摘要',
  `content` text COMMENT '文章内容',
  `download_url` varchar(1000) DEFAULT NULL COMMENT '下载文件URL地址',
  `video_format` varchar(100) DEFAULT NULL COMMENT '视频格式',
  `video_root` varchar(1000) DEFAULT NULL COMMENT '视频地址',
  PRIMARY KEY (`content_id`)
) ENGINE=MyISAM DEFAULT CHARSET=utf8;

-- ----------------------------
-- Records of jf_cms_content_ext
-- ----------------------------
INSERT INTO `jf_cms_content_ext` VALUES ('1', '不要孤单，不必彷徨', '不要孤单，不必彷徨', '<p style=\"margin-top: 0px; margin-bottom: 10px; padding: 0px 0px 10px; color: rgb(85, 85, 85); line-height: 20px; white-space: normal; font-family: &#39;Microsoft YaHei&#39;, Lato, &#39;Helvetica Neue&#39;, Helvetica, Arial, sans-serif; font-size: 14px; background-color: rgb(255, 255, 255);\"><strong>序言：</strong><br/></p><p style=\"margin-top: 0px; margin-bottom: 10px; padding: 0px 0px 10px; color: rgb(85, 85, 85); line-height: 20px; white-space: normal; font-family: &#39;Microsoft YaHei&#39;, Lato, &#39;Helvetica Neue&#39;, Helvetica, Arial, sans-serif; font-size: 14px; background-color: rgb(255, 255, 255);\">&nbsp;&nbsp;&nbsp;&nbsp;想要记录些什么，但真的不知道该从何处动笔，从哪儿说起？脑子里总会零星的蹦出几个画面、词句，想要抓住，却难以抓住。感觉本就是最难用文字准确描述，让人永远捉摸不透的东西。此时此刻，只是记录下些许、聊以慰藉的心情而已。那就权当述说一流水账，以“孤单、彷徨”为命题。分做几个篇章（励志工作篇、温暖家庭篇、酸甜苦辣爱情篇、边走边悟生活篇、永不终结篇）逐一说起。<br/></p><p style=\"margin-top: 0px; margin-bottom: 10px; padding: 0px 0px 10px; color: rgb(85, 85, 85); line-height: 20px; white-space: normal; font-family: &#39;Microsoft YaHei&#39;, Lato, &#39;Helvetica Neue&#39;, Helvetica, Arial, sans-serif; font-size: 14px; background-color: rgb(255, 255, 255);\"><strong>励志工作篇：</strong></p><p style=\"margin-top: 0px; margin-bottom: 10px; padding: 0px 0px 10px; color: rgb(85, 85, 85); line-height: 20px; white-space: normal; font-family: &#39;Microsoft YaHei&#39;, Lato, &#39;Helvetica Neue&#39;, Helvetica, Arial, sans-serif; font-size: 14px; background-color: rgb(255, 255, 255);\"><strong>&nbsp;&nbsp;&nbsp;</strong>&nbsp;今天是2016年12月16日，阴，很冷。算算时间，我已经在当前公司待了一年七个月又五天了，不是很长，但也已然不短。犹记得刚到公司的时候，每个人都不知道IT是什么？程序猿是什么？很茫然。也记得贵阳一帮子同事每天凌晨五点半就要起床往惠水赶、夜里十一二点才回到家里的时候。更记得当初金融街1栋28层的加班、记得28楼的盒饭、记得28楼的<span style=\"color: rgb(255, 0, 0);\">老皮</span>、<span style=\"color: rgb(255, 0, 0);\">斌哥</span>、<span style=\"color: rgb(255, 0, 0);\">小吴敏</span>、<span style=\"color: rgb(255, 0, 0);\">小平哥</span>、<span style=\"color: rgb(255, 0, 0);\">李胖子</span>、<span style=\"color: rgb(255, 0, 0);\">海哥</span>、<span style=\"color: rgb(255, 0, 0);\">小明</span>、<span style=\"color: rgb(255, 0, 0);\">老罗</span>、<span style=\"color: rgb(255, 0, 0);\">老余哥</span>、<span style=\"color: rgb(255, 0, 0);\">教主</span>、<span style=\"color: rgb(255, 0, 0);\">挖挖机</span>、<span style=\"color: rgb(255, 0, 0);\">家门们</span>及<span style=\"color: rgb(255, 0, 0);\">同事们</span>......总之真的记得好多好多。<strong><br/></strong></p><p style=\"margin-top: 0px; margin-bottom: 10px; padding: 0px 0px 10px; color: rgb(85, 85, 85); line-height: 20px; white-space: normal; font-family: &#39;Microsoft YaHei&#39;, Lato, &#39;Helvetica Neue&#39;, Helvetica, Arial, sans-serif; font-size: 14px; background-color: rgb(255, 255, 255);\">&nbsp;&nbsp;&nbsp;&nbsp;说起工作篇，就不得不提到两个人，也就是在这两个人的身上，让我越来越觉得人生需要梦想，并不断进步的去实现。这两个人就是<span style=\"color: rgb(255, 0, 0);\">刘老板</span>和<span style=\"color: rgb(255, 0, 0);\">斌哥</span>。想当初第一次见到老板的时候，那是在4月下旬的一个炎热的下午。我还是短袖短裤的一副程序猿标配扮相，面对高楼大厦、豪车、靓女的怯懦不安；面对工作的不自信（做什么事儿都认为自己不会，纵然是自己最喜欢、最热爱的IT）。时光荏苒，在经历过一段时间的局促不安之后、在和老板接触了多次以后，我相信了梦想，或者说我也开始了以前只敢想而认为自己很难以做的梦想。梦想似山，让人产生征服的动力；梦想如海，总想去看到更远处波澜壮阔的美丽；梦想如风，总能在静滞不动的世界带来活力；梦想就是那划过天际的流星、刹那永恒，总能让我们激动不已。总之，有梦的生活真的很美好、真的很美好、真的很美好......<br/></p><p style=\"margin-top: 0px; margin-bottom: 10px; padding: 0px 0px 10px; color: rgb(85, 85, 85); line-height: 20px; white-space: normal; font-family: &#39;Microsoft YaHei&#39;, Lato, &#39;Helvetica Neue&#39;, Helvetica, Arial, sans-serif; font-size: 14px; background-color: rgb(255, 255, 255);\">&nbsp;&nbsp;&nbsp;&nbsp;回到正题，如果说刘老板是我人生追梦的同路人的话。那斌哥必然是我人生追梦历程的梦想导师。是斌哥您让我知道了工作不一定要有最完美的解决方案，就怕临到头了没有解决方案；是斌哥您让我体会到了工作永远不会因为你具备什么技能就让你做什么，能做的唯有时刻不断进步、时刻学习用以应变；是斌哥您让我知道寻求解决方案远比实际解决过程重要（人都有依赖性，总希望别人给你谋划了许多，但其实谋划的时候真的很累，所以已经很久都一直讨厌着四个字“<span style=\"color: rgb(255, 0, 0);\">能者多劳</span>”了）；更从斌哥您身上学习感悟到：“社会或者环境不可能知道你有什么境遇、有什么难处、有什么不懂不会、有什么迷茫，此时此刻，强者能做到的就是：纵然孤身一人，不要觉得孤单、不必感到彷徨、不焦不躁，去寻求找到自己的方向”—我的方向，追求我想要的“<span style=\"color: rgb(255, 0, 0);\">品味</span>”人生。<br/></p><p style=\"margin-top: 0px; margin-bottom: 10px; padding: 0px 0px 10px; color: rgb(85, 85, 85); line-height: 20px; white-space: normal; font-family: &#39;Microsoft YaHei&#39;, Lato, &#39;Helvetica Neue&#39;, Helvetica, Arial, sans-serif; font-size: 14px; background-color: rgb(255, 255, 255);\">&nbsp;&nbsp;&nbsp;&nbsp;<span style=\"color: rgb(255, 0, 0);\">585</span>天过去了，我和很多人一起见证了公司的好与坏。也见到太多人的来来往往。有的人走了，但有的人还坚守着。就像我和几个好友老友说过的一样：“每个人无论本性、能力怎样？但坚持和付出本就已然是一件特别美好的事儿，且行且珍惜、多走多包容，大家一起有一个算一个的走着、带着大家的梦一起前进着”.......多一份包容，少一点计较。<br/></p><p style=\"margin-top: 0px; margin-bottom: 10px; padding: 0px 0px 10px; color: rgb(85, 85, 85); line-height: 20px; white-space: normal; font-family: &#39;Microsoft YaHei&#39;, Lato, &#39;Helvetica Neue&#39;, Helvetica, Arial, sans-serif; font-size: 14px; background-color: rgb(255, 255, 255);\"><strong>温暖家庭篇：</strong></p><p style=\"margin-top: 0px; margin-bottom: 10px; padding: 0px 0px 10px; color: rgb(85, 85, 85); line-height: 20px; white-space: normal; font-family: &#39;Microsoft YaHei&#39;, Lato, &#39;Helvetica Neue&#39;, Helvetica, Arial, sans-serif; font-size: 14px; background-color: rgb(255, 255, 255);\"><strong>&nbsp; &nbsp;&nbsp;</strong>我，91年出生，家里五口人，老爸、老妈、妹妹、弟弟。俺家是农村滴，俺就是农村人，享受不了你们城里人的套路，哈哈！！！从小家庭比较拮据，但最能让我感到温暖幸福的就是，一家子能穷开心的活着、努力着就很好哦（多一点努力，少一点攀比，这能大大的提升幸福感）。<strong><br/></strong></p><p style=\"margin-top: 0px; margin-bottom: 10px; padding: 0px 0px 10px; color: rgb(85, 85, 85); line-height: 20px; white-space: normal; font-family: &#39;Microsoft YaHei&#39;, Lato, &#39;Helvetica Neue&#39;, Helvetica, Arial, sans-serif; font-size: 14px; background-color: rgb(255, 255, 255);\">&nbsp;&nbsp;&nbsp;&nbsp;母亲虽然没读过书，但从小真的教育了我很多东西。是母亲教会了我做人做事得真诚（吃亏是福）；是母亲教会了我做人做事儿得有始有终（老话儿说的有前手得有后手）；也是母亲让我知道，想得多不如做得多，心大也有心大的好处，做了总能有收获；更是母亲让我知道，做人做事<span style=\"color: rgb(255, 0, 0);\">尊重</span>是最起码得前提，没有谁会因为金钱、身份、学识、地位等高人一等，也没有谁需要因为感到和别人的差距而觉得低人一等，每个人都是一个脑袋两只胳膊，没有谁比谁多什么少什么，纵然我只喝一块钱的咖啡，而别人喝着高档红酒、洋酒，<span style=\"color: rgb(255, 0, 0);\">那又有何妨<span style=\"color: rgb(0, 0, 0);\">，</span></span>我有我自己的品味，不懂的你永远就是不懂，Do you know？？？<span style=\"color: rgb(0, 0, 0);\"><br/></span></p><p style=\"margin-top: 0px; margin-bottom: 10px; padding: 0px 0px 10px; color: rgb(85, 85, 85); line-height: 20px; white-space: normal; font-family: &#39;Microsoft YaHei&#39;, Lato, &#39;Helvetica Neue&#39;, Helvetica, Arial, sans-serif; font-size: 14px; background-color: rgb(255, 255, 255);\">&nbsp;&nbsp;&nbsp;&nbsp;作为一个男人，作为家里的长子。有些事儿，不必多说，也得努力。去年的我做了一年的孝子，和父亲母亲修葺了家里的房子。以后的以后，为了大家庭，也为了我努力追寻的小家庭加油、努力。</p><p style=\"margin-top: 0px; margin-bottom: 10px; padding: 0px 0px 10px; color: rgb(85, 85, 85); line-height: 20px; white-space: normal; font-family: &#39;Microsoft YaHei&#39;, Lato, &#39;Helvetica Neue&#39;, Helvetica, Arial, sans-serif; font-size: 14px; background-color: rgb(255, 255, 255);\"><strong>酸甜苦辣爱情篇：</strong></p><p style=\"margin-top: 0px; margin-bottom: 10px; padding: 0px 0px 10px; color: rgb(85, 85, 85); line-height: 20px; white-space: normal; font-family: &#39;Microsoft YaHei&#39;, Lato, &#39;Helvetica Neue&#39;, Helvetica, Arial, sans-serif; font-size: 14px; background-color: rgb(255, 255, 255);\"><strong>&nbsp;&nbsp;&nbsp;&nbsp;</strong>殚精竭虑、绞尽脑汁的写了这么久，终于写到了爱情篇了。本来本次写东西的初衷主要就是想记录这些，想给自己以后看，更想给你看，想让你了解我，想让你更真切的认识我，但就像和你说过的一样，“文字总会被我们下意识的往好的方面描述，唯有面对面真切的声音才能感受到最真实的情感”，“探索宇宙的真理已经很累了，我没有时间去说谎”。<strong><br/></strong></p><p style=\"margin-top: 0px; margin-bottom: 10px; padding: 0px 0px 10px; color: rgb(85, 85, 85); line-height: 20px; white-space: normal; font-family: &#39;Microsoft YaHei&#39;, Lato, &#39;Helvetica Neue&#39;, Helvetica, Arial, sans-serif; font-size: 14px; background-color: rgb(255, 255, 255);\">&nbsp;&nbsp;&nbsp;&nbsp;那么故事该从哪儿说起呢？好吧，那就按先总后分的时间顺序分述！今年关于爱情方面的生活，综述起来就是：“如果把每个女生比作男生经历过的一所学校的话，那我就是路过一所名牌大学......清华一样的名牌大学，守望守护着名牌大学，并且差一点就拿到了名牌大学的录取通知书。在这接近一年的守望中，偶尔去买包子的时候遇到了几所中专”。</p><p style=\"margin-top: 0px; margin-bottom: 10px; padding: 0px 0px 10px; color: rgb(85, 85, 85); line-height: 20px; white-space: normal; font-family: &#39;Microsoft YaHei&#39;, Lato, &#39;Helvetica Neue&#39;, Helvetica, Arial, sans-serif; font-size: 14px; background-color: rgb(255, 255, 255);\">&nbsp;&nbsp;&nbsp;&nbsp;故事的开始应该从今年的3月份开始，具体的时间是哪天已然忘记了。只记得当时第一眼见到的你：“正装、马尾、甜甜的笑容、青春靓丽的气息”，那不就是“<span style=\"color: rgb(255, 0, 0);\">失恋33天的黄小仙</span>”、“<span style=\"color: rgb(255, 0, 0);\">匆匆那年的方茴</span>”、“<span style=\"color: rgb(255, 0, 0);\">山楂树之恋的静秋</span>”、“<span style=\"color: rgb(255, 0, 0);\">我的青春期的李春霞</span>”吗？总之那就是你，是那个作为小清新的我无法自拔、不可抗拒的爱上的你。 &nbsp; &nbsp;</p><p style=\"margin-top: 0px; margin-bottom: 10px; padding: 0px 0px 10px; color: rgb(85, 85, 85); line-height: 20px; white-space: normal; font-family: &#39;Microsoft YaHei&#39;, Lato, &#39;Helvetica Neue&#39;, Helvetica, Arial, sans-serif; font-size: 14px; background-color: rgb(255, 255, 255);\">&nbsp;&nbsp;&nbsp;&nbsp;认识了你之后，每天早上你打卡的时候能偷瞄一眼又缩回眼神而暗自窃喜；时时刻刻都等待着设置了特别提醒的手机振动，qq消息的第一反应先看一看是不是你。是的时候，迅速的想着该怎么回复；不是的时候，又只能埋头叹息。<br/></p><p style=\"margin-top: 0px; margin-bottom: 10px; padding: 0px 0px 10px; color: rgb(85, 85, 85); line-height: 20px; white-space: normal; font-family: &#39;Microsoft YaHei&#39;, Lato, &#39;Helvetica Neue&#39;, Helvetica, Arial, sans-serif; font-size: 14px; background-color: rgb(255, 255, 255);\">&nbsp;&nbsp;&nbsp;&nbsp;写到此处，突然断了很多东西。是因为隔了一天再次提笔，已断了很多东西，很难接续？？？还是因为不敢描绘当初那痛彻心扉的会议；更或者是因为已经陷入了为求读者点赞而描写的误区。我想都不是，一切只是因为对你、对爱还抱有期许，期许你能回心转意，做我的唯一。但这已然背离了我想要叙写这篇文章的初衷（<span style=\"color: rgb(255, 0, 0);\">不要孤单，不必彷徨</span>），陷入了泥泞泥藻，难以平息。</p><p style=\"margin-top: 0px; margin-bottom: 10px; padding: 0px 0px 10px; color: rgb(85, 85, 85); line-height: 20px; white-space: normal; font-family: &#39;Microsoft YaHei&#39;, Lato, &#39;Helvetica Neue&#39;, Helvetica, Arial, sans-serif; font-size: 14px; background-color: rgb(255, 255, 255);\">&nbsp;&nbsp;&nbsp;&nbsp;过去的就让它过去吧！我最深爱的姑娘，那些都必然只能成为我们彼此的回忆，又何必强求自己、苦苦的去惋惜；总之，一切的一切就如本来平行的两条直线，不管我再如何弯曲，也最多和你凑个半圆而已，那终究不是圆满，何不早早明智的退一步，不再让彼此都无法喘息，尴尬不已.......<br/></p><p style=\"margin-top: 0px; margin-bottom: 10px; padding: 0px 0px 10px; color: rgb(85, 85, 85); line-height: 20px; white-space: normal; font-family: &#39;Microsoft YaHei&#39;, Lato, &#39;Helvetica Neue&#39;, Helvetica, Arial, sans-serif; font-size: 14px; background-color: rgb(255, 255, 255);\"><strong>边走边悟生活篇：</strong></p><p style=\"margin-top: 0px; margin-bottom: 10px; padding: 0px 0px 10px; color: rgb(85, 85, 85); line-height: 20px; white-space: normal; font-family: &#39;Microsoft YaHei&#39;, Lato, &#39;Helvetica Neue&#39;, Helvetica, Arial, sans-serif; font-size: 14px; background-color: rgb(255, 255, 255);\"><strong>&nbsp;&nbsp;&nbsp;&nbsp;</strong>1、朋友无需太多，有几个无论何时何地都会认为你靠谱的足以。</p><p style=\"margin-top: 0px; margin-bottom: 10px; padding: 0px 0px 10px; color: rgb(85, 85, 85); line-height: 20px; white-space: normal; font-family: &#39;Microsoft YaHei&#39;, Lato, &#39;Helvetica Neue&#39;, Helvetica, Arial, sans-serif; font-size: 14px; background-color: rgb(255, 255, 255);\">&nbsp;&nbsp;&nbsp;&nbsp;人生几十年，生来全身赤裸，死去也就几尺见方的土地而已。朋友无需太多，有几个无论什么情况、何时何地均认为你靠谱的足以（那些不切实际的鼓励，大多来自酒肉朋友，或是远房亲戚）。<br/></p><p style=\"margin-top: 0px; margin-bottom: 10px; padding: 0px 0px 10px; color: rgb(85, 85, 85); line-height: 20px; white-space: normal; font-family: &#39;Microsoft YaHei&#39;, Lato, &#39;Helvetica Neue&#39;, Helvetica, Arial, sans-serif; font-size: 14px; background-color: rgb(255, 255, 255);\">&nbsp;&nbsp;&nbsp;&nbsp;2、活着，就多一点儿体谅。<br/></p><p style=\"margin-top: 0px; margin-bottom: 10px; padding: 0px 0px 10px; color: rgb(85, 85, 85); line-height: 20px; white-space: normal; font-family: &#39;Microsoft YaHei&#39;, Lato, &#39;Helvetica Neue&#39;, Helvetica, Arial, sans-serif; font-size: 14px; background-color: rgb(255, 255, 255);\">&nbsp;&nbsp;&nbsp;&nbsp;活了25年，读书16年，工作2年。发现了一个现象，人都是自私的，特别实在处理关于情绪方面问题的时候，每个人都潜意识希望别人体谅自己。但现实总会让彼此要么分道扬镳、要么从此为敌。只有极少数做到了看开、包容。包容者的圈子会越来越大，因为人们都喜欢和“大肚能容”的人相处，反之者则就......<br/></p><p style=\"margin-top: 0px; margin-bottom: 10px; padding: 0px 0px 10px; color: rgb(85, 85, 85); line-height: 20px; white-space: normal; font-family: &#39;Microsoft YaHei&#39;, Lato, &#39;Helvetica Neue&#39;, Helvetica, Arial, sans-serif; font-size: 14px; background-color: rgb(255, 255, 255);\">&nbsp;&nbsp;&nbsp;&nbsp;3、梦想本无贵贱之分，有区分的只是任性。<br/></p><p style=\"margin-top: 0px; margin-bottom: 10px; padding: 0px 0px 10px; color: rgb(85, 85, 85); line-height: 20px; white-space: normal; font-family: &#39;Microsoft YaHei&#39;, Lato, &#39;Helvetica Neue&#39;, Helvetica, Arial, sans-serif; font-size: 14px; background-color: rgb(255, 255, 255);\">&nbsp;&nbsp;&nbsp;&nbsp;以前的自己总认为自己从重点大学毕业，也算是一知识分子了，不愿及不屑和很多人很多事儿为伍。但现实的社会狠狠的抽了我我两耳光，他告诉我，那TMD都是狗屁：“梦想本无贵贱之分，人亦无贵贱之分”，多学、多做，仅此而已。<br/></p><p style=\"margin-top: 0px; margin-bottom: 10px; padding: 0px 0px 10px; color: rgb(85, 85, 85); line-height: 20px; white-space: normal; font-family: &#39;Microsoft YaHei&#39;, Lato, &#39;Helvetica Neue&#39;, Helvetica, Arial, sans-serif; font-size: 14px; background-color: rgb(255, 255, 255);\">&nbsp;&nbsp;&nbsp;&nbsp;4、学会成熟、学会长大，纵然孤单，也不要彷徨。<br/></p><p style=\"margin-top: 0px; margin-bottom: 10px; padding: 0px 0px 10px; color: rgb(85, 85, 85); line-height: 20px; white-space: normal; font-family: &#39;Microsoft YaHei&#39;, Lato, &#39;Helvetica Neue&#39;, Helvetica, Arial, sans-serif; font-size: 14px; background-color: rgb(255, 255, 255);\">&nbsp;&nbsp;&nbsp;&nbsp;说来可笑，今年最大的收获是重新提起了菜刀，它让我不在愤世嫉俗的为了追梦而烦躁；也提醒我没必要去追寻那本不会有结果的不可靠；更告知了我：“人生本就不只是一件事儿，有趣有用的事儿多了去了，亟待你发觉发现，敞开胸怀去拥抱”。<br/></p><p style=\"margin-top: 0px; margin-bottom: 10px; padding: 0px 0px 10px; color: rgb(85, 85, 85); line-height: 20px; white-space: normal; font-family: &#39;Microsoft YaHei&#39;, Lato, &#39;Helvetica Neue&#39;, Helvetica, Arial, sans-serif; font-size: 14px; background-color: rgb(255, 255, 255);\"><strong>永不终结篇：</strong></p><p style=\"margin-top: 0px; margin-bottom: 10px; padding: 0px 0px 10px; color: rgb(85, 85, 85); line-height: 20px; white-space: normal; font-family: &#39;Microsoft YaHei&#39;, Lato, &#39;Helvetica Neue&#39;, Helvetica, Arial, sans-serif; font-size: 14px; background-color: rgb(255, 255, 255);\">&nbsp;&nbsp;&nbsp;&nbsp;1、把自己视作一个团队，不愤怒，不抱怨，做自己希望的事儿，做自己认为有意义的事儿，做好自己的“秀逗啊”。提升自己并分享自己的感悟。</p><p style=\"margin-top: 0px; margin-bottom: 10px; padding: 0px 0px 10px; color: rgb(85, 85, 85); line-height: 20px; white-space: normal; font-family: &#39;Microsoft YaHei&#39;, Lato, &#39;Helvetica Neue&#39;, Helvetica, Arial, sans-serif; font-size: 14px; background-color: rgb(255, 255, 255);\">&nbsp; &nbsp; 2、努力追寻自己想要的“品味”人生。</p><p style=\"margin-top: 0px; margin-bottom: 10px; padding: 0px 0px 10px; color: rgb(85, 85, 85); line-height: 20px; white-space: normal; font-family: &#39;Microsoft YaHei&#39;, Lato, &#39;Helvetica Neue&#39;, Helvetica, Arial, sans-serif; font-size: 14px; background-color: rgb(255, 255, 255);\">&nbsp;&nbsp;&nbsp;&nbsp;3、找一个和自己有共同人生价值观的人，一起进步。</p><p><br/></p>', null, null, null);
INSERT INTO `jf_cms_content_ext` VALUES ('4', '等你爱我,秀逗啊', '文/豆瓣@小岩井\r\n小时候，因为喜欢她，所以欺负她;长大了，喜欢一个人却变得不知所措 …\r\n【17岁.初夏】\r\n小Q自修到所有人都走了，开始起身慢慢收拾书本。\r\n回过头来，却看到最末座的死猴子喝着牛奶笑嘻嘻地看着她。', '<p style=\"padding: 0px; margin-top: 0px; margin-bottom: 10px; border: 0px; font-size: 15px; color: rgb(51, 51, 51); line-height: 28px; font-family: Verdana, Arial, 微软雅黑, Helvetica, sans-serif, SimSun; white-space: normal; background-color: rgb(255, 255, 255);\">&nbsp; &nbsp; &nbsp;&nbsp;<img src=\"http://localhost:9000/xiudoua-cms/ueditor/jsp/upload/image/20170823/1503497881312042456.jpg\" title=\"1503497881312042456.jpg\" alt=\"6-1F212124F0E8.jpg\"/></p><p style=\"padding: 0px; margin-top: 0px; margin-bottom: 10px; border: 0px; font-size: 15px; color: rgb(51, 51, 51); line-height: 28px; font-family: Verdana, Arial, 微软雅黑, Helvetica, sans-serif, SimSun; white-space: normal; background-color: rgb(255, 255, 255);\">&nbsp; &nbsp; &nbsp; 文/豆瓣@小岩井</p><p style=\"padding: 0px; margin-top: 0px; margin-bottom: 10px; border: 0px; font-size: 15px; color: rgb(51, 51, 51); line-height: 28px; font-family: Verdana, Arial, 微软雅黑, Helvetica, sans-serif, SimSun; white-space: normal; background-color: rgb(255, 255, 255);\">　　小时候，因为喜欢她，所以欺负她;长大了，喜欢一个人却变得不知所措 …</p><p style=\"padding: 0px; margin-top: 0px; margin-bottom: 10px; border: 0px; font-size: 15px; color: rgb(51, 51, 51); line-height: 28px; font-family: Verdana, Arial, 微软雅黑, Helvetica, sans-serif, SimSun; white-space: normal; background-color: rgb(255, 255, 255);\">　　【17岁.初夏】</p><p style=\"padding: 0px; margin-top: 0px; margin-bottom: 10px; border: 0px; font-size: 15px; color: rgb(51, 51, 51); line-height: 28px; font-family: Verdana, Arial, 微软雅黑, Helvetica, sans-serif, SimSun; white-space: normal; background-color: rgb(255, 255, 255);\">　　小Q自修到所有人都走了，开始起身慢慢收拾书本。</p><p style=\"padding: 0px; margin-top: 0px; margin-bottom: 10px; border: 0px; font-size: 15px; color: rgb(51, 51, 51); line-height: 28px; font-family: Verdana, Arial, 微软雅黑, Helvetica, sans-serif, SimSun; white-space: normal; background-color: rgb(255, 255, 255);\">　　回过头来，却看到最末座的死猴子喝着牛奶笑嘻嘻地看着她。</p><p style=\"padding: 0px; margin-top: 0px; margin-bottom: 10px; border: 0px; font-size: 15px; color: rgb(51, 51, 51); line-height: 28px; font-family: Verdana, Arial, 微软雅黑, Helvetica, sans-serif, SimSun; white-space: normal; background-color: rgb(255, 255, 255);\">　　你干嘛啊?</p><p style=\"padding: 0px; margin-top: 0px; margin-bottom: 10px; border: 0px; font-size: 15px; color: rgb(51, 51, 51); line-height: 28px; font-family: Verdana, Arial, 微软雅黑, Helvetica, sans-serif, SimSun; white-space: normal; background-color: rgb(255, 255, 255);\">　　陪你咯。</p><p style=\"padding: 0px; margin-top: 0px; margin-bottom: 10px; border: 0px; font-size: 15px; color: rgb(51, 51, 51); line-height: 28px; font-family: Verdana, Arial, 微软雅黑, Helvetica, sans-serif, SimSun; white-space: normal; background-color: rgb(255, 255, 255);\">　　小Q一愣，脸一下红了，谁要你陪啊!?</p><p style=\"padding: 0px; margin-top: 0px; margin-bottom: 10px; border: 0px; font-size: 15px; color: rgb(51, 51, 51); line-height: 28px; font-family: Verdana, Arial, 微软雅黑, Helvetica, sans-serif, SimSun; white-space: normal; background-color: rgb(255, 255, 255);\">　　我靠我也不想的啊，还不是你妈。谁叫我们住得近啊，你妈跟我妈说你最近自修回来太晚，小区外面黑怕有危险，送了我一箱牛奶让我送你晚上陪你回家..兹——啊，喝完了，味道还不错嘿嘿。</p><p style=\"padding: 0px; margin-top: 0px; margin-bottom: 10px; border: 0px; font-size: 15px; color: rgb(51, 51, 51); line-height: 28px; font-family: Verdana, Arial, 微软雅黑, Helvetica, sans-serif, SimSun; white-space: normal; background-color: rgb(255, 255, 255);\">　　喂，是不是要走了，对了作业借我抄一下呗。</p><p style=\"padding: 0px; margin-top: 0px; margin-bottom: 10px; border: 0px; font-size: 15px; color: rgb(51, 51, 51); line-height: 28px; font-family: Verdana, Arial, 微软雅黑, Helvetica, sans-serif, SimSun; white-space: normal; background-color: rgb(255, 255, 255);\">　　抄你个头啊，我走了!</p><p style=\"padding: 0px; margin-top: 0px; margin-bottom: 10px; border: 0px; font-size: 15px; color: rgb(51, 51, 51); line-height: 28px; font-family: Verdana, Arial, 微软雅黑, Helvetica, sans-serif, SimSun; white-space: normal; background-color: rgb(255, 255, 255);\">　　喂喂，等我一下啊，又不是第一次抄你作业了生什么气啊….</p><p style=\"padding: 0px; margin-top: 0px; margin-bottom: 10px; border: 0px; font-size: 15px; color: rgb(51, 51, 51); line-height: 28px; font-family: Verdana, Arial, 微软雅黑, Helvetica, sans-serif, SimSun; white-space: normal; background-color: rgb(255, 255, 255);\">　　【23岁.冬至】</p><p style=\"padding: 0px; margin-top: 0px; margin-bottom: 10px; border: 0px; font-size: 15px; color: rgb(51, 51, 51); line-height: 28px; font-family: Verdana, Arial, 微软雅黑, Helvetica, sans-serif, SimSun; white-space: normal; background-color: rgb(255, 255, 255);\">　　失恋第十五天。</p><p style=\"padding: 0px; margin-top: 0px; margin-bottom: 10px; border: 0px; font-size: 15px; color: rgb(51, 51, 51); line-height: 28px; font-family: Verdana, Arial, 微软雅黑, Helvetica, sans-serif, SimSun; white-space: normal; background-color: rgb(255, 255, 255);\">　　满桌的垃圾食品，考研试卷，已经五天没出门的小Q眼神涣散，对着电脑发呆。</p><p style=\"padding: 0px; margin-top: 0px; margin-bottom: 10px; border: 0px; font-size: 15px; color: rgb(51, 51, 51); line-height: 28px; font-family: Verdana, Arial, 微软雅黑, Helvetica, sans-serif, SimSun; white-space: normal; background-color: rgb(255, 255, 255);\">　　看着电影中情侣的温馨片段，小Q的眼泪静静的流淌。</p><p style=\"padding: 0px; margin-top: 0px; margin-bottom: 10px; border: 0px; font-size: 15px; color: rgb(51, 51, 51); line-height: 28px; font-family: Verdana, Arial, 微软雅黑, Helvetica, sans-serif, SimSun; white-space: normal; background-color: rgb(255, 255, 255);\">　　咚咚咚。</p><p style=\"padding: 0px; margin-top: 0px; margin-bottom: 10px; border: 0px; font-size: 15px; color: rgb(51, 51, 51); line-height: 28px; font-family: Verdana, Arial, 微软雅黑, Helvetica, sans-serif, SimSun; white-space: normal; background-color: rgb(255, 255, 255);\">　　小Q木然地打开门。</p><p style=\"padding: 0px; margin-top: 0px; margin-bottom: 10px; border: 0px; font-size: 15px; color: rgb(51, 51, 51); line-height: 28px; font-family: Verdana, Arial, 微软雅黑, Helvetica, sans-serif, SimSun; white-space: normal; background-color: rgb(255, 255, 255);\">　　哒哒哒哒~惊喜吧，出差顺路经过你这，肚子突然疼了，借个厕所用一下啦。 死猴子嬉皮笑脸。</p><p style=\"padding: 0px; margin-top: 0px; margin-bottom: 10px; border: 0px; font-size: 15px; color: rgb(51, 51, 51); line-height: 28px; font-family: Verdana, Arial, 微软雅黑, Helvetica, sans-serif, SimSun; white-space: normal; background-color: rgb(255, 255, 255);\">　　上完厕所死猴子一脸神清气爽，从书包里拿出一串香蕉拔下一根咬在嘴上，把剩下递过去。</p><p style=\"padding: 0px; margin-top: 0px; margin-bottom: 10px; border: 0px; font-size: 15px; color: rgb(51, 51, 51); line-height: 28px; font-family: Verdana, Arial, 微软雅黑, Helvetica, sans-serif, SimSun; white-space: normal; background-color: rgb(255, 255, 255);\">　　这个，对身体好哦。</p><p style=\"padding: 0px; margin-top: 0px; margin-bottom: 10px; border: 0px; font-size: 15px; color: rgb(51, 51, 51); line-height: 28px; font-family: Verdana, Arial, 微软雅黑, Helvetica, sans-serif, SimSun; white-space: normal; background-color: rgb(255, 255, 255);\">　　好你个头..你洗手了没?</p><p style=\"padding: 0px; margin-top: 0px; margin-bottom: 10px; border: 0px; font-size: 15px; color: rgb(51, 51, 51); line-height: 28px; font-family: Verdana, Arial, 微软雅黑, Helvetica, sans-serif, SimSun; white-space: normal; background-color: rgb(255, 255, 255);\">　　喂，我又不是原始人。啊，这个房间有股诡异的味道哦。</p><p style=\"padding: 0px; margin-top: 0px; margin-bottom: 10px; border: 0px; font-size: 15px; color: rgb(51, 51, 51); line-height: 28px; font-family: Verdana, Arial, 微软雅黑, Helvetica, sans-serif, SimSun; white-space: normal; background-color: rgb(255, 255, 255);\">　　你管我。</p><p style=\"padding: 0px; margin-top: 0px; margin-bottom: 10px; border: 0px; font-size: 15px; color: rgb(51, 51, 51); line-height: 28px; font-family: Verdana, Arial, 微软雅黑, Helvetica, sans-serif, SimSun; white-space: normal; background-color: rgb(255, 255, 255);\">　　哼，我才懒得管。 死猴子本能地打开冰箱，抽出一罐牛奶，哇，还是这个牌子好喝哈。阿勒，还有不少材料么，还算新鲜，别浪费哈。要不本大师给你露一手嗯哼?</p><p style=\"padding: 0px; margin-top: 0px; margin-bottom: 10px; border: 0px; font-size: 15px; color: rgb(51, 51, 51); line-height: 28px; font-family: Verdana, Arial, 微软雅黑, Helvetica, sans-serif, SimSun; white-space: normal; background-color: rgb(255, 255, 255);\">　　你会做菜么?</p><p style=\"padding: 0px; margin-top: 0px; margin-bottom: 10px; border: 0px; font-size: 15px; color: rgb(51, 51, 51); line-height: 28px; font-family: Verdana, Arial, 微软雅黑, Helvetica, sans-serif, SimSun; white-space: normal; background-color: rgb(255, 255, 255);\">　　瞧好了您呢!你把桌子收拾好等着刮目相看吧!</p><p style=\"padding: 0px; margin-top: 0px; margin-bottom: 10px; border: 0px; font-size: 15px; color: rgb(51, 51, 51); line-height: 28px; font-family: Verdana, Arial, 微软雅黑, Helvetica, sans-serif, SimSun; white-space: normal; background-color: rgb(255, 255, 255);\">　　半小时后，看着满桌闪闪发光的饭菜小Q说不出话来。</p><p style=\"padding: 0px; margin-top: 0px; margin-bottom: 10px; border: 0px; font-size: 15px; color: rgb(51, 51, 51); line-height: 28px; font-family: Verdana, Arial, 微软雅黑, Helvetica, sans-serif, SimSun; white-space: normal; background-color: rgb(255, 255, 255);\">　　别呆着啊，吃吃看呐!</p><p style=\"padding: 0px; margin-top: 0px; margin-bottom: 10px; border: 0px; font-size: 15px; color: rgb(51, 51, 51); line-height: 28px; font-family: Verdana, Arial, 微软雅黑, Helvetica, sans-serif, SimSun; white-space: normal; background-color: rgb(255, 255, 255);\">　　我怕死。</p><p style=\"padding: 0px; margin-top: 0px; margin-bottom: 10px; border: 0px; font-size: 15px; color: rgb(51, 51, 51); line-height: 28px; font-family: Verdana, Arial, 微软雅黑, Helvetica, sans-serif, SimSun; white-space: normal; background-color: rgb(255, 255, 255);\">　　你妹啊!</p><p style=\"padding: 0px; margin-top: 0px; margin-bottom: 10px; border: 0px; font-size: 15px; color: rgb(51, 51, 51); line-height: 28px; font-family: Verdana, Arial, 微软雅黑, Helvetica, sans-serif, SimSun; white-space: normal; background-color: rgb(255, 255, 255);\">　　小Q试着夹起了筷子，尝了一口真是好吃。</p><p style=\"padding: 0px; margin-top: 0px; margin-bottom: 10px; border: 0px; font-size: 15px; color: rgb(51, 51, 51); line-height: 28px; font-family: Verdana, Arial, 微软雅黑, Helvetica, sans-serif, SimSun; white-space: normal; background-color: rgb(255, 255, 255);\">　　怎么样忍不住想赞美我了吧嘿嘿。 死猴子摸着后脑勺得意地笑。</p><p style=\"padding: 0px; margin-top: 0px; margin-bottom: 10px; border: 0px; font-size: 15px; color: rgb(51, 51, 51); line-height: 28px; font-family: Verdana, Arial, 微软雅黑, Helvetica, sans-serif, SimSun; white-space: normal; background-color: rgb(255, 255, 255);\">　　也就这样吧，沙县水准。</p><p style=\"padding: 0px; margin-top: 0px; margin-bottom: 10px; border: 0px; font-size: 15px; color: rgb(51, 51, 51); line-height: 28px; font-family: Verdana, Arial, 微软雅黑, Helvetica, sans-serif, SimSun; white-space: normal; background-color: rgb(255, 255, 255);\">　　不傲娇会死啊!!!</p><p style=\"padding: 0px; margin-top: 0px; margin-bottom: 10px; border: 0px; font-size: 15px; color: rgb(51, 51, 51); line-height: 28px; font-family: Verdana, Arial, 微软雅黑, Helvetica, sans-serif, SimSun; white-space: normal; background-color: rgb(255, 255, 255);\">　　吃着饭，死猴子一个人讲相声一般说起了高中同学的近况，自己老妈的糗事，吐槽最近看的傻逼电视剧，自己捧哏，自己逗哏，说到搞笑的地方自己先笑的前俯后仰了。</p><p style=\"padding: 0px; margin-top: 0px; margin-bottom: 10px; border: 0px; font-size: 15px; color: rgb(51, 51, 51); line-height: 28px; font-family: Verdana, Arial, 微软雅黑, Helvetica, sans-serif, SimSun; white-space: normal; background-color: rgb(255, 255, 255);\">　　哈哈哈哈哈哈哈，你说搞笑不搞笑。</p><p style=\"padding: 0px; margin-top: 0px; margin-bottom: 10px; border: 0px; font-size: 15px; color: rgb(51, 51, 51); line-height: 28px; font-family: Verdana, Arial, 微软雅黑, Helvetica, sans-serif, SimSun; white-space: normal; background-color: rgb(255, 255, 255);\">　　你还没说呢….</p><p style=\"padding: 0px; margin-top: 0px; margin-bottom: 10px; border: 0px; font-size: 15px; color: rgb(51, 51, 51); line-height: 28px; font-family: Verdana, Arial, 微软雅黑, Helvetica, sans-serif, SimSun; white-space: normal; background-color: rgb(255, 255, 255);\">　　哦…那我接下来就说哈哈哈哈哈哈哈，不行了，真是太搞笑了!</p><p style=\"padding: 0px; margin-top: 0px; margin-bottom: 10px; border: 0px; font-size: 15px; color: rgb(51, 51, 51); line-height: 28px; font-family: Verdana, Arial, 微软雅黑, Helvetica, sans-serif, SimSun; white-space: normal; background-color: rgb(255, 255, 255);\">　　…….</p><p style=\"padding: 0px; margin-top: 0px; margin-bottom: 10px; border: 0px; font-size: 15px; color: rgb(51, 51, 51); line-height: 28px; font-family: Verdana, Arial, 微软雅黑, Helvetica, sans-serif, SimSun; white-space: normal; background-color: rgb(255, 255, 255);\">　　小Q看着这没头没脑的死猴子，他好像从小到大都是这么没心没肺的，活得那么开心，真好。</p><p style=\"padding: 0px; margin-top: 0px; margin-bottom: 10px; border: 0px; font-size: 15px; color: rgb(51, 51, 51); line-height: 28px; font-family: Verdana, Arial, 微软雅黑, Helvetica, sans-serif, SimSun; white-space: normal; background-color: rgb(255, 255, 255);\">　　为什么自己就从来烦心的事那么多呢，高中烦心高考，现在烦心考研，工作，恋爱…好像从出生到现在，自己似乎从未有过一种扎实稳稳的安全感，一切都会变，一切都要努力去争取，好累。</p><p style=\"padding: 0px; margin-top: 0px; margin-bottom: 10px; border: 0px; font-size: 15px; color: rgb(51, 51, 51); line-height: 28px; font-family: Verdana, Arial, 微软雅黑, Helvetica, sans-serif, SimSun; white-space: normal; background-color: rgb(255, 255, 255);\">　　昨天我在办公室午睡，放了一个巨响无比的屁，为了避嫌我马上站起来大喊，我靠谁放的屁这么响!然后坐我背后的胖子一脸无奈的说，大哥你就别装了我这都起风了!</p><p style=\"padding: 0px; margin-top: 0px; margin-bottom: 10px; border: 0px; font-size: 15px; color: rgb(51, 51, 51); line-height: 28px; font-family: Verdana, Arial, 微软雅黑, Helvetica, sans-serif, SimSun; white-space: normal; background-color: rgb(255, 255, 255);\">　　哈哈哈哈哈哈哈~~~!小Q突然好像被点中笑穴一般大笑不止，笑着笑着眼泪就掉下来了。把自己抱成一团捧着肚子一边流泪一边大笑…</p><p style=\"padding: 0px; margin-top: 0px; margin-bottom: 10px; border: 0px; font-size: 15px; color: rgb(51, 51, 51); line-height: 28px; font-family: Verdana, Arial, 微软雅黑, Helvetica, sans-serif, SimSun; white-space: normal; background-color: rgb(255, 255, 255);\">　　身子突然被紧紧的抱住了，死猴子前所未有的严肃道：</p><p style=\"padding: 0px; margin-top: 0px; margin-bottom: 10px; border: 0px; font-size: 15px; color: rgb(51, 51, 51); line-height: 28px; font-family: Verdana, Arial, 微软雅黑, Helvetica, sans-serif, SimSun; white-space: normal; background-color: rgb(255, 255, 255);\">　　别死撑，还有我陪你。</p><p style=\"padding: 0px; margin-top: 0px; margin-bottom: 10px; border: 0px; font-size: 15px; color: rgb(51, 51, 51); line-height: 28px; font-family: Verdana, Arial, 微软雅黑, Helvetica, sans-serif, SimSun; white-space: normal; background-color: rgb(255, 255, 255);\">　　小Q安静了下来，过了一会</p><p style=\"padding: 0px; margin-top: 0px; margin-bottom: 10px; border: 0px; font-size: 15px; color: rgb(51, 51, 51); line-height: 28px; font-family: Verdana, Arial, 微软雅黑, Helvetica, sans-serif, SimSun; white-space: normal; background-color: rgb(255, 255, 255);\">　　那个….我鼻涕擦你西装上了…</p><p style=\"padding: 0px; margin-top: 0px; margin-bottom: 10px; border: 0px; font-size: 15px; color: rgb(51, 51, 51); line-height: 28px; font-family: Verdana, Arial, 微软雅黑, Helvetica, sans-serif, SimSun; white-space: normal; background-color: rgb(255, 255, 255);\">　　喂!!!</p><p style=\"padding: 0px; margin-top: 0px; margin-bottom: 10px; border: 0px; font-size: 15px; color: rgb(51, 51, 51); line-height: 28px; font-family: Verdana, Arial, 微软雅黑, Helvetica, sans-serif, SimSun; white-space: normal; background-color: rgb(255, 255, 255);\">　　【29岁.暖春】</p><p style=\"padding: 0px; margin-top: 0px; margin-bottom: 10px; border: 0px; font-size: 15px; color: rgb(51, 51, 51); line-height: 28px; font-family: Verdana, Arial, 微软雅黑, Helvetica, sans-serif, SimSun; white-space: normal; background-color: rgb(255, 255, 255);\">　　新婚前夜的晚上，老同学聚在一块，不胜酒力的死猴子喝大发了在跳钢管舞。</p><p style=\"padding: 0px; margin-top: 0px; margin-bottom: 10px; border: 0px; font-size: 15px; color: rgb(51, 51, 51); line-height: 28px; font-family: Verdana, Arial, 微软雅黑, Helvetica, sans-serif, SimSun; white-space: normal; background-color: rgb(255, 255, 255);\">　　小Q捂着脸无奈又好笑。</p><p style=\"padding: 0px; margin-top: 0px; margin-bottom: 10px; border: 0px; font-size: 15px; color: rgb(51, 51, 51); line-height: 28px; font-family: Verdana, Arial, 微软雅黑, Helvetica, sans-serif, SimSun; white-space: normal; background-color: rgb(255, 255, 255);\">　　女生们逐渐告辞，小Q 对众男生交代看好他也准备回去了。</p><p style=\"padding: 0px; margin-top: 0px; margin-bottom: 10px; border: 0px; font-size: 15px; color: rgb(51, 51, 51); line-height: 28px; font-family: Verdana, Arial, 微软雅黑, Helvetica, sans-serif, SimSun; white-space: normal; background-color: rgb(255, 255, 255);\">　　她知道，这一晚是例属于男生的狂欢之夜。</p><p style=\"padding: 0px; margin-top: 0px; margin-bottom: 10px; border: 0px; font-size: 15px; color: rgb(51, 51, 51); line-height: 28px; font-family: Verdana, Arial, 微软雅黑, Helvetica, sans-serif, SimSun; white-space: normal; background-color: rgb(255, 255, 255);\">　　谁知道醉到二的n次方的死猴子看到她离开的身影突然大喊道</p><p style=\"padding: 0px; margin-top: 0px; margin-bottom: 10px; border: 0px; font-size: 15px; color: rgb(51, 51, 51); line-height: 28px; font-family: Verdana, Arial, 微软雅黑, Helvetica, sans-serif, SimSun; white-space: normal; background-color: rgb(255, 255, 255);\">　　小Q你别走!</p><p style=\"padding: 0px; margin-top: 0px; margin-bottom: 10px; border: 0px; font-size: 15px; color: rgb(51, 51, 51); line-height: 28px; font-family: Verdana, Arial, 微软雅黑, Helvetica, sans-serif, SimSun; white-space: normal; background-color: rgb(255, 255, 255);\">　　众人吓一跳，纷纷望向死猴子。</p><p style=\"padding: 0px; margin-top: 0px; margin-bottom: 10px; border: 0px; font-size: 15px; color: rgb(51, 51, 51); line-height: 28px; font-family: Verdana, Arial, 微软雅黑, Helvetica, sans-serif, SimSun; white-space: normal; background-color: rgb(255, 255, 255);\">　　死猴子摇头晃脑，却无比清楚道</p><p style=\"padding: 0px; margin-top: 0px; margin-bottom: 10px; border: 0px; font-size: 15px; color: rgb(51, 51, 51); line-height: 28px; font-family: Verdana, Arial, 微软雅黑, Helvetica, sans-serif, SimSun; white-space: normal; background-color: rgb(255, 255, 255);\">　　小区前面黑，我。陪。你。咯..说完傻乎乎地跑过来挽住了小Q，你是我的!</p><p><br/></p>', null, null, null);
INSERT INTO `jf_cms_content_ext` VALUES ('3', '致我们终将逝去的青春', '致我们终将逝去的青春', '<p>致我们终将逝去的青春</p>', null, null, null);
INSERT INTO `jf_cms_content_ext` VALUES ('5', '秀逗啊', '文/有意思吧@狐尾百合\r\n在我二十六岁的时候，我脑海中始终盘旋着一个问题：\r\n这世上到底存不存在所谓的“对的人”?\r\n回头看看自己的经历，总觉得情况不容乐观;\r\n再看看身边的朋友，依然没有找到多少信心。\r\n奶茶虽然唱着：“对的人终于会来到，因为犯的错够多”，可优秀如她，也是等到四十多岁才遇见那个所谓的“对的人”。', '<p style=\"padding: 0px; margin-top: 0px; margin-bottom: 10px; border: 0px; font-size: 15px; color: rgb(51, 51, 51); line-height: 28px; font-family: Verdana, Arial, 微软雅黑, Helvetica, sans-serif, SimSun; white-space: normal; background-color: rgb(255, 255, 255);\">&nbsp; &nbsp; &nbsp; 文章引自：原创小站（http://www.52ycw.com/aqmw/4394.html）</p><p style=\"padding: 0px; margin-top: 0px; margin-bottom: 10px; border: 0px; font-size: 15px; color: rgb(51, 51, 51); line-height: 28px; font-family: Verdana, Arial, 微软雅黑, Helvetica, sans-serif, SimSun; white-space: normal; background-color: rgb(255, 255, 255);\">&nbsp;&nbsp;&nbsp;&nbsp;&nbsp;&nbsp;文/有意思吧@狐尾百合</p><p style=\"padding: 0px; margin-top: 0px; margin-bottom: 10px; border: 0px; font-size: 15px; color: rgb(51, 51, 51); line-height: 28px; font-family: Verdana, Arial, 微软雅黑, Helvetica, sans-serif, SimSun; white-space: normal; background-color: rgb(255, 255, 255);\">　　在我二十六岁的时候，我脑海中始终盘旋着一个问题：</p><p style=\"padding: 0px; margin-top: 0px; margin-bottom: 10px; border: 0px; font-size: 15px; color: rgb(51, 51, 51); line-height: 28px; font-family: Verdana, Arial, 微软雅黑, Helvetica, sans-serif, SimSun; white-space: normal; background-color: rgb(255, 255, 255);\">　　这世上到底存不存在所谓的“对的人”?</p><p style=\"padding: 0px; margin-top: 0px; margin-bottom: 10px; border: 0px; font-size: 15px; color: rgb(51, 51, 51); line-height: 28px; font-family: Verdana, Arial, 微软雅黑, Helvetica, sans-serif, SimSun; white-space: normal; background-color: rgb(255, 255, 255);\">　　回头看看自己的经历，总觉得情况不容乐观;</p><p style=\"padding: 0px; margin-top: 0px; margin-bottom: 10px; border: 0px; font-size: 15px; color: rgb(51, 51, 51); line-height: 28px; font-family: Verdana, Arial, 微软雅黑, Helvetica, sans-serif, SimSun; white-space: normal; background-color: rgb(255, 255, 255);\">　　再看看身边的朋友，依然没有找到多少信心。</p><p style=\"padding: 0px; margin-top: 0px; margin-bottom: 10px; border: 0px; font-size: 15px; color: rgb(51, 51, 51); line-height: 28px; font-family: Verdana, Arial, 微软雅黑, Helvetica, sans-serif, SimSun; white-space: normal; background-color: rgb(255, 255, 255);\">　　奶茶虽然唱着：“对的人终于会来到，因为犯的错够多”，可优秀如她，也是等到四十多岁才遇见那个所谓的“对的人”。</p><p style=\"padding: 0px; margin-top: 0px; margin-bottom: 10px; border: 0px; font-size: 15px; color: rgb(51, 51, 51); line-height: 28px; font-family: Verdana, Arial, 微软雅黑, Helvetica, sans-serif, SimSun; white-space: normal; background-color: rgb(255, 255, 255);\">　　不是惧怕年龄，只是一想到那些一生中最美好最璀璨的岁月注定要独自走过，还是忍不住会遗憾。遗憾没有在最好的年华里，与那个对的人不期而遇。以至于连快乐都不那么纯粹了。</p><p style=\"padding: 0px; margin-top: 0px; margin-bottom: 10px; border: 0px; font-size: 15px; color: rgb(51, 51, 51); line-height: 28px; font-family: Verdana, Arial, 微软雅黑, Helvetica, sans-serif, SimSun; white-space: normal; background-color: rgb(255, 255, 255);\">　　身边总会有那么一两个慈悲善目的老者，我喜欢与他们一起坐在冬日的暖阳中晒太阳，什么都不用说，却能感到一种被包容的谅解。</p><p style=\"padding: 0px; margin-top: 0px; margin-bottom: 10px; border: 0px; font-size: 15px; color: rgb(51, 51, 51); line-height: 28px; font-family: Verdana, Arial, 微软雅黑, Helvetica, sans-serif, SimSun; white-space: normal; background-color: rgb(255, 255, 255);\">　　他们的年龄通常要比张牙舞爪的七大姑八大姨要大出一截，漫长而琐碎的生活将他们打磨地如同鹅卵石般温润。他们常常出现在老屋的房檐下，神态安详，从不出口伤人，也绝不强人所难。</p><p style=\"padding: 0px; margin-top: 0px; margin-bottom: 10px; border: 0px; font-size: 15px; color: rgb(51, 51, 51); line-height: 28px; font-family: Verdana, Arial, 微软雅黑, Helvetica, sans-serif, SimSun; white-space: normal; background-color: rgb(255, 255, 255);\">　　他们会在漫长的沉默后，轻轻地对着虚空说一句：</p><p style=\"padding: 0px; margin-top: 0px; margin-bottom: 10px; border: 0px; font-size: 15px; color: rgb(51, 51, 51); line-height: 28px; font-family: Verdana, Arial, 微软雅黑, Helvetica, sans-serif, SimSun; white-space: normal; background-color: rgb(255, 255, 255);\">　　“不要急，时候未到。总会遇到的。”原创小站www.52ycw.com</p><p style=\"padding: 0px; margin-top: 0px; margin-bottom: 10px; border: 0px; font-size: 15px; color: rgb(51, 51, 51); line-height: 28px; font-family: Verdana, Arial, 微软雅黑, Helvetica, sans-serif, SimSun; white-space: normal; background-color: rgb(255, 255, 255);\">　　听到的那一刻，我仿佛受到了佛性的洗礼，内心第一次甘愿相信：</p><p style=\"padding: 0px; margin-top: 0px; margin-bottom: 10px; border: 0px; font-size: 15px; color: rgb(51, 51, 51); line-height: 28px; font-family: Verdana, Arial, 微软雅黑, Helvetica, sans-serif, SimSun; white-space: normal; background-color: rgb(255, 255, 255);\">　　这看似宽慰的话语或许真的是生活沉淀之后最大的哲理。</p><p style=\"padding: 0px; margin-top: 0px; margin-bottom: 10px; border: 0px; font-size: 15px; color: rgb(51, 51, 51); line-height: 28px; font-family: Verdana, Arial, 微软雅黑, Helvetica, sans-serif, SimSun; white-space: normal; background-color: rgb(255, 255, 255);\">　　怀揣着一颗将信将疑的心，我从二十六岁走到三十岁。</p><p style=\"padding: 0px; margin-top: 0px; margin-bottom: 10px; border: 0px; font-size: 15px; color: rgb(51, 51, 51); line-height: 28px; font-family: Verdana, Arial, 微软雅黑, Helvetica, sans-serif, SimSun; white-space: normal; background-color: rgb(255, 255, 255);\">　　生活一如既往地平淡如水，那个命中注定会到来的人依然迷失在路上。</p><p style=\"padding: 0px; margin-top: 0px; margin-bottom: 10px; border: 0px; font-size: 15px; color: rgb(51, 51, 51); line-height: 28px; font-family: Verdana, Arial, 微软雅黑, Helvetica, sans-serif, SimSun; white-space: normal; background-color: rgb(255, 255, 255);\">　　我不知道这场没有时间没有地点没有邀请函的遇见究竟会在生命的哪一个转角出现，只能带着宿命般地稀薄认同一步步向前。</p><p style=\"padding: 0px; margin-top: 0px; margin-bottom: 10px; border: 0px; font-size: 15px; color: rgb(51, 51, 51); line-height: 28px; font-family: Verdana, Arial, 微软雅黑, Helvetica, sans-serif, SimSun; white-space: normal; background-color: rgb(255, 255, 255);\">　　我无法预见未来，却依然对未来抱有飘忽不定的幻想。</p><p style=\"padding: 0px; margin-top: 0px; margin-bottom: 10px; border: 0px; font-size: 15px; color: rgb(51, 51, 51); line-height: 28px; font-family: Verdana, Arial, 微软雅黑, Helvetica, sans-serif, SimSun; white-space: normal; background-color: rgb(255, 255, 255);\">　　直到有一天，我遇见一个人。</p><p style=\"padding: 0px; margin-top: 0px; margin-bottom: 10px; border: 0px; font-size: 15px; color: rgb(51, 51, 51); line-height: 28px; font-family: Verdana, Arial, 微软雅黑, Helvetica, sans-serif, SimSun; white-space: normal; background-color: rgb(255, 255, 255);\">　　一个很普通的人。普通到与他初相识我在他身上看不见一丁点命运的暗示，以至于我只是抱着试试看的态度与他开始了相处。</p><p style=\"padding: 0px; margin-top: 0px; margin-bottom: 10px; border: 0px; font-size: 15px; color: rgb(51, 51, 51); line-height: 28px; font-family: Verdana, Arial, 微软雅黑, Helvetica, sans-serif, SimSun; white-space: normal; background-color: rgb(255, 255, 255);\">　　我们一起在时光中寂静打磨，偶尔甜蜜，偶尔苦涩;不时欢腾，不时争吵。</p><p style=\"padding: 0px; margin-top: 0px; margin-bottom: 10px; border: 0px; font-size: 15px; color: rgb(51, 51, 51); line-height: 28px; font-family: Verdana, Arial, 微软雅黑, Helvetica, sans-serif, SimSun; white-space: normal; background-color: rgb(255, 255, 255);\">　　更多的时候，我们只是静静相拥，默默陪伴，寂静欢喜。</p><p style=\"padding: 0px; margin-top: 0px; margin-bottom: 10px; border: 0px; font-size: 15px; color: rgb(51, 51, 51); line-height: 28px; font-family: Verdana, Arial, 微软雅黑, Helvetica, sans-serif, SimSun; white-space: normal; background-color: rgb(255, 255, 255);\">　　我们不晒幸福、不秀恩爱，只因为那些年独自等待的过程将我们变成了小心翼翼的守望者。</p><p style=\"padding: 0px; margin-top: 0px; margin-bottom: 10px; border: 0px; font-size: 15px; color: rgb(51, 51, 51); line-height: 28px; font-family: Verdana, Arial, 微软雅黑, Helvetica, sans-serif, SimSun; white-space: normal; background-color: rgb(255, 255, 255);\">　　遇见彼此前，我们格外害怕那张画着交集的地图会遗失在某个黄昏的雨后;</p><p style=\"padding: 0px; margin-top: 0px; margin-bottom: 10px; border: 0px; font-size: 15px; color: rgb(51, 51, 51); line-height: 28px; font-family: Verdana, Arial, 微软雅黑, Helvetica, sans-serif, SimSun; white-space: normal; background-color: rgb(255, 255, 255);\">　　所以在遇见彼此后，我们才成为了中了大彩的赌徒，抱着窃喜的心情，低调而安静地过活。情感日记www.52ycw.com</p><p style=\"padding: 0px; margin-top: 0px; margin-bottom: 10px; border: 0px; font-size: 15px; color: rgb(51, 51, 51); line-height: 28px; font-family: Verdana, Arial, 微软雅黑, Helvetica, sans-serif, SimSun; white-space: normal; background-color: rgb(255, 255, 255);\">　　然后，某一天清晨或午夜，我们睁开眼，看着枕边那个安静熟睡的伴侣，内心充盈而丰盛，感觉自己终于拥有了全世界。</p><p style=\"padding: 0px; margin-top: 0px; margin-bottom: 10px; border: 0px; font-size: 15px; color: rgb(51, 51, 51); line-height: 28px; font-family: Verdana, Arial, 微软雅黑, Helvetica, sans-serif, SimSun; white-space: normal; background-color: rgb(255, 255, 255);\">　　那一刻，我们才恍然惊觉：原来，我们早已和那个对的人不期而遇。</p><p style=\"padding: 0px; margin-top: 0px; margin-bottom: 10px; border: 0px; font-size: 15px; color: rgb(51, 51, 51); line-height: 28px; font-family: Verdana, Arial, 微软雅黑, Helvetica, sans-serif, SimSun; white-space: normal; background-color: rgb(255, 255, 255);\">　　所谓的幸福，从来都是水到渠成的。</p><p style=\"padding: 0px; margin-top: 0px; margin-bottom: 10px; border: 0px; font-size: 15px; color: rgb(51, 51, 51); line-height: 28px; font-family: Verdana, Arial, 微软雅黑, Helvetica, sans-serif, SimSun; white-space: normal; background-color: rgb(255, 255, 255);\">　　它无法预估，更没有办法计算，唯一能做得便是：在遇见之前保持相信，在相遇之后寂静享用。</p><p style=\"padding: 0px; margin-top: 0px; margin-bottom: 10px; border: 0px; font-size: 15px; color: rgb(51, 51, 51); line-height: 28px; font-family: Verdana, Arial, 微软雅黑, Helvetica, sans-serif, SimSun; white-space: normal; background-color: rgb(255, 255, 255);\">　　而最后，想要说的是：幸福，从不会遗忘任何渴望遇见她的人。</p><p style=\"padding: 0px; margin-top: 0px; margin-bottom: 10px; border: 0px; font-size: 15px; color: rgb(51, 51, 51); line-height: 28px; font-family: Verdana, Arial, 微软雅黑, Helvetica, sans-serif, SimSun; white-space: normal; background-color: rgb(255, 255, 255);\">　　不信?</p><p style=\"padding: 0px; margin-top: 0px; margin-bottom: 10px; border: 0px; font-size: 15px; color: rgb(51, 51, 51); line-height: 28px; font-family: Verdana, Arial, 微软雅黑, Helvetica, sans-serif, SimSun; white-space: normal; background-color: rgb(255, 255, 255);\">　　知乎上有一个问答。</p><p style=\"padding: 0px; margin-top: 0px; margin-bottom: 10px; border: 0px; font-size: 15px; color: rgb(51, 51, 51); line-height: 28px; font-family: Verdana, Arial, 微软雅黑, Helvetica, sans-serif, SimSun; white-space: normal; background-color: rgb(255, 255, 255);\">　　问题：“早晚会遇见那个人”这事是真的吗?</p><p style=\"padding: 0px; margin-top: 0px; margin-bottom: 10px; border: 0px; font-size: 15px; color: rgb(51, 51, 51); line-height: 28px; font-family: Verdana, Arial, 微软雅黑, Helvetica, sans-serif, SimSun; white-space: normal; background-color: rgb(255, 255, 255);\">　　1、会有。我明年30岁了，前10年苦恋，不是被劈腿就是被悔婚，好几年混乱地过，当时真的觉得这辈子不会结婚了，爱情是什么玩意。后来发现，要尊重事实，女人不要太感性，无论何时上天都是公平的，当你自己变好，就会有另一个好人出现。现在订婚了，觉得他就是我一直在找的那个人，我终于找到了。——Baccano</p><p style=\"padding: 0px; margin-top: 0px; margin-bottom: 10px; border: 0px; font-size: 15px; color: rgb(51, 51, 51); line-height: 28px; font-family: Verdana, Arial, 微软雅黑, Helvetica, sans-serif, SimSun; white-space: normal; background-color: rgb(255, 255, 255);\">　　2、会的。以前从没想过会遇到他，但就是遇上了。虽然还没修成正果，至少目前他给我的感觉就是这样，接受我所有的缺点，珍爱我所有的优点。没有定位的必要，只能说遇到了就知道了，我以前也一直不知道我喜欢的男人应该是怎样的，但是遇到他就觉得是他了，自然而然的感觉。——蝴蝶肋骨</p><p style=\"padding: 0px; margin-top: 0px; margin-bottom: 10px; border: 0px; font-size: 15px; color: rgb(51, 51, 51); line-height: 28px; font-family: Verdana, Arial, 微软雅黑, Helvetica, sans-serif, SimSun; white-space: normal; background-color: rgb(255, 255, 255);\">　　3、暗恋一男生十年，苦逼了十年，然后与现任老公一见钟情。恋爱三年，结婚两年，目前每天仍在热恋的赶脚。我老公是李大仁型的，因为自己曾经那么难受过，所以现在才更懂珍惜。我老公说让我把对那个男生的回忆放在心底，因为没有喜欢过他的曾经，也不会成为今天他喜欢的我的样子。所以爱情一定要等，不要凑合，上帝的安排总是最好的。——啦啦啦</p><p><br/></p>', null, null, null);
INSERT INTO `jf_cms_content_ext` VALUES ('6', '万人', '文|周宏翔\r\n我身边有个姑娘叫王爷，她常挂在嘴边的一句话是，你不能直白地表达内心想法，你就是在伤害自己。\r\n周一例会结束之后，她到领导办公室拒绝了上级给她安排的当周任务。她淡定自如地从房间里走出来时，我们都看见了leader那张臭烘烘的脸。', '<p style=\"padding: 0px; margin-top: 0px; margin-bottom: 10px; border: 0px; font-size: 15px; color: rgb(51, 51, 51); line-height: 28px; font-family: Verdana, Arial, 微软雅黑, Helvetica, sans-serif, SimSun; white-space: normal; background-color: rgb(255, 255, 255);\">&nbsp;&nbsp;&nbsp;&nbsp;&nbsp;&nbsp;<span style=\"color: rgb(51, 51, 51); font-family: Verdana, Arial, 微软雅黑, Helvetica, sans-serif, SimSun; font-size: 15px; line-height: 28px; background-color: rgb(255, 255, 255);\">&nbsp;文章引自：原创小站（http://www.52ycw.com/aqmw/4351.html）</span></p><p style=\"padding: 0px; margin-top: 0px; margin-bottom: 10px; border: 0px; font-size: 15px; color: rgb(51, 51, 51); line-height: 28px; font-family: Verdana, Arial, 微软雅黑, Helvetica, sans-serif, SimSun; white-space: normal; background-color: rgb(255, 255, 255);\">&nbsp; &nbsp; &nbsp; 文|周宏翔</p><p style=\"padding: 0px; margin-top: 0px; margin-bottom: 10px; border: 0px; font-size: 15px; color: rgb(51, 51, 51); line-height: 28px; font-family: Verdana, Arial, 微软雅黑, Helvetica, sans-serif, SimSun; white-space: normal; background-color: rgb(255, 255, 255);\">　　我身边有个姑娘叫王爷，她常挂在嘴边的一句话是，你不能直白地表达内心想法，你就是在伤害自己。</p><p style=\"padding: 0px; margin-top: 0px; margin-bottom: 10px; border: 0px; font-size: 15px; color: rgb(51, 51, 51); line-height: 28px; font-family: Verdana, Arial, 微软雅黑, Helvetica, sans-serif, SimSun; white-space: normal; background-color: rgb(255, 255, 255);\">　　周一例会结束之后，她到领导办公室拒绝了上级给她安排的当周任务。她淡定自如地从房间里走出来时，我们都看见了leader那张臭烘烘的脸。</p><p style=\"padding: 0px; margin-top: 0px; margin-bottom: 10px; border: 0px; font-size: 15px; color: rgb(51, 51, 51); line-height: 28px; font-family: Verdana, Arial, 微软雅黑, Helvetica, sans-serif, SimSun; white-space: normal; background-color: rgb(255, 255, 255);\">　　午间休息，我问王爷：“你说了什么?”王爷翻翻白眼讲：“能说什么?照实说。他安排我去管青岛的项目，我没意见，但是同时还要兼管东莞的项目，我可不是神仙，一周要飞两个地方，周五还要回上海来报道，我告诉他，我可以管，但是只要出了问题，我立马辞职，我可以拍拍屁股走人，领导你可以吗?我一说完，他就把我名字从东莞组划掉了。”</p><p style=\"padding: 0px; margin-top: 0px; margin-bottom: 10px; border: 0px; font-size: 15px; color: rgb(51, 51, 51); line-height: 28px; font-family: Verdana, Arial, 微软雅黑, Helvetica, sans-serif, SimSun; white-space: normal; background-color: rgb(255, 255, 255);\">　　我打心底给她鼓掌，能够跟领导这么横的，全公司当真屈指可数。</p><p style=\"padding: 0px; margin-top: 0px; margin-bottom: 10px; border: 0px; font-size: 15px; color: rgb(51, 51, 51); line-height: 28px; font-family: Verdana, Arial, 微软雅黑, Helvetica, sans-serif, SimSun; white-space: normal; background-color: rgb(255, 255, 255);\">　　那是我和王爷进公司的第二年，而王爷却好像在公司呆了十年那么久。整个办公室里，能够和领导一样悠闲的人好像只有她，她每天总是第一个打卡上班，坐在电脑前，噼里啪啦敲键盘回邮件，等到人都来的差不多的时候，王爷已经坐在十八楼用餐室边喝咖啡边看外滩风景了。我曾问过王爷早上怎么能来那么早，王爷疑惑地看着我，说：“你不能晚上早点睡吗?为什么每个人早上到公司状态那么差，因为没有一个人跟我一样晚上十点睡，早上五点起，不是我说其他人，慢吞吞赶到办公室，手上事情还没理清楚，马上就要开朝会了，总是手忙脚乱地开始每一天的人，自然也是手忙脚乱地处理自己的人生。”</p><p style=\"padding: 0px; margin-top: 0px; margin-bottom: 10px; border: 0px; font-size: 15px; color: rgb(51, 51, 51); line-height: 28px; font-family: Verdana, Arial, 微软雅黑, Helvetica, sans-serif, SimSun; white-space: normal; background-color: rgb(255, 255, 255);\">　　王爷这个习惯已经坚持多年，而且她总可以在楼下晨跑一圈后，还回家做个早餐。说来，我顿时想到，大部分人不是在上班的路上奔跑，就是在上班的路上懊恼，遇到摔倒的老奶奶和小朋友绝对没有时间去扶的，这就是芸芸众生的状态。爱情美文www.52ycw.com</p><p style=\"padding: 0px; margin-top: 0px; margin-bottom: 10px; border: 0px; font-size: 15px; color: rgb(51, 51, 51); line-height: 28px; font-family: Verdana, Arial, 微软雅黑, Helvetica, sans-serif, SimSun; white-space: normal; background-color: rgb(255, 255, 255);\">　　每年四月和九月，公司组织都会大变更，这是规矩，为了让更多的人了解各项业务，所以很多人都会被调来调去，王爷下半年的时候申请去了市场组，因为之前对order实在对得想吐了，虽然对marketing的东西一点不熟，但是王爷说，我有信心最后他们都得跟我学。光是冲着这份见神杀神，见佛杀佛的气势，leader就不敢和她计较太多。和王爷一起调到市场组的还有一个小姑娘，叫兰新，与王爷不同的是，她是刚刚进公司半年不到的新人。</p><p style=\"padding: 0px; margin-top: 0px; margin-bottom: 10px; border: 0px; font-size: 15px; color: rgb(51, 51, 51); line-height: 28px; font-family: Verdana, Arial, 微软雅黑, Helvetica, sans-serif, SimSun; white-space: normal; background-color: rgb(255, 255, 255);\">　　用王爷的话来说，兰新就是典型的小绵羊，每个人都把她捧在手心里，连最严厉的王总也总是对着兰新笑眯眯的，这个漂洋过海回到祖国的小姑娘，既有海外名校的光环，又有国色天香的样貌，自然受到大多数人的青睐。她乖巧，白皙，说话轻言细语，走路不慢不急，绝对符合邻家妹妹的形象。</p><p style=\"padding: 0px; margin-top: 0px; margin-bottom: 10px; border: 0px; font-size: 15px; color: rgb(51, 51, 51); line-height: 28px; font-family: Verdana, Arial, 微软雅黑, Helvetica, sans-serif, SimSun; white-space: normal; background-color: rgb(255, 255, 255);\">　　“可是，她好像不怎么喜欢我。”王爷摊手说道。</p><p style=\"padding: 0px; margin-top: 0px; margin-bottom: 10px; border: 0px; font-size: 15px; color: rgb(51, 51, 51); line-height: 28px; font-family: Verdana, Arial, 微软雅黑, Helvetica, sans-serif, SimSun; white-space: normal; background-color: rgb(255, 255, 255);\">　　和兰新比起来，王爷可就不那么受待见了，几乎每个人都拿出了打压王爷的姿态，好像非要戳戳她的锐气，但王爷似乎并没有觉得不适，那些堆在她桌上的学习资料，在第二个工作日的下午悉数归还，主管诧异王爷的阅读速度，当她走马观花，王爷说：“你不用疑惑，也不用抽我回答问题，这个，给你。”说罢，从抽屉里取出一份类似读书笔记的东西，上面把这些资料的重点归纳总结得比什么都清楚，“你觉得呢?”</p><p style=\"padding: 0px; margin-top: 0px; margin-bottom: 10px; border: 0px; font-size: 15px; color: rgb(51, 51, 51); line-height: 28px; font-family: Verdana, Arial, 微软雅黑, Helvetica, sans-serif, SimSun; white-space: normal; background-color: rgb(255, 255, 255);\">　　王爷说，让一个人闭嘴的方法有很多，最直接的就是你拿出超出比他预想更多的东西，这样，他绝对没有办法再接下去。</p><p style=\"padding: 0px; margin-top: 0px; margin-bottom: 10px; border: 0px; font-size: 15px; color: rgb(51, 51, 51); line-height: 28px; font-family: Verdana, Arial, 微软雅黑, Helvetica, sans-serif, SimSun; white-space: normal; background-color: rgb(255, 255, 255);\">　　和王爷比起来，兰新就慢了很多，想着即使进度不快，似乎也没有多少人在催促自己，大部分人都说：“慢点好，多看看，慢工出细活，不要像有些人，囫囵吞枣，到时候出了问题，就得自己吃药了。”这些话，王爷自然听在心里。但是，所有人都不可否认的是，一周之后，王爷已经开始接手一些市场调查的东西，而兰新还沉浸在蜜罐子之中，整理一些可有可无的文件。</p><p style=\"padding: 0px; margin-top: 0px; margin-bottom: 10px; border: 0px; font-size: 15px; color: rgb(51, 51, 51); line-height: 28px; font-family: Verdana, Arial, 微软雅黑, Helvetica, sans-serif, SimSun; white-space: normal; background-color: rgb(255, 255, 255);\">　　王爷让前台帮忙订周三的机票去珠海，兰新正巧路过，问：“王姐姐要去出差吗?”王爷点点头，兰新微笑的脸突然变得有些僵持，自己手上那成堆的文档，不知道什么时候才可以理完。</p><p style=\"padding: 0px; margin-top: 0px; margin-bottom: 10px; border: 0px; font-size: 15px; color: rgb(51, 51, 51); line-height: 28px; font-family: Verdana, Arial, 微软雅黑, Helvetica, sans-serif, SimSun; white-space: normal; background-color: rgb(255, 255, 255);\">　　下班的时候，王爷叫我等她一起吃饭，我收好东西，在电梯口看见兰新，“哈，还没下班啊?”出于礼貌地打了招呼，兰新点点头，然后娇声地说：“周哥哥可以帮我拿一下吗?我还要去总务办公室抱一堆。”我接过手来，正巧王爷出来。优美文章www.52ycw.com</p><p><br/></p>', null, null, null);
INSERT INTO `jf_cms_content_ext` VALUES ('7', '秀逗啊', '人生，是一场孤独的漫旅。每个人都在苦苦寻觅，想要找一个人陪伴自己走过人生的坎坷泥泞，共度人生的凄风苦雨。到最后才知道：原来每个人都只能独自面对生活所赐予的辛酸苦辣与风吹雨打，痛要自己扛，泪要自己擦，伤要自己疗，坎要自己过。最苦最累的时刻唯有自己坚强面对，最伤最痛的时刻唯有自己默默承受，你能依靠的唯有你自己。', '<p style=\"padding: 0px; margin-top: 0px; margin-bottom: 10px; border: 0px; font-size: 15px; color: rgb(51, 51, 51); line-height: 28px; font-family: Verdana, Arial, 微软雅黑, Helvetica, sans-serif, SimSun; white-space: normal; background-color: rgb(255, 255, 255);\">&nbsp; &nbsp; &nbsp;&nbsp;<span style=\"color: rgb(51, 51, 51); font-family: Verdana, Arial, 微软雅黑, Helvetica, sans-serif, SimSun; font-size: 15px; line-height: 28px; background-color: rgb(255, 255, 255);\">文章引自：原创小站（http://www.52ycw.com/sanwen/mingjia/4534.html）</span></p><p style=\"padding: 0px; margin-top: 0px; margin-bottom: 10px; border: 0px; font-size: 15px; color: rgb(51, 51, 51); line-height: 28px; font-family: Verdana, Arial, 微软雅黑, Helvetica, sans-serif, SimSun; white-space: normal; background-color: rgb(255, 255, 255);\">&nbsp; &nbsp; &nbsp; 人生，是一场孤独的漫旅。每个人都在苦苦寻觅，想要找一个人陪伴自己走过人生的坎坷泥泞，共度人生的凄风苦雨。到最后才知道：原来每个人都只能独自面对生活所赐予的辛酸苦辣与风吹雨打，痛要自己扛，泪要自己擦，伤要自己疗，坎要自己过。最苦最累的时刻唯有自己坚强面对，最伤最痛的时刻唯有自己默默承受，你能依靠的唯有你自己。</p><p style=\"padding: 0px; margin-top: 0px; margin-bottom: 10px; border: 0px; font-size: 15px; color: rgb(51, 51, 51); line-height: 28px; font-family: Verdana, Arial, 微软雅黑, Helvetica, sans-serif, SimSun; white-space: normal; background-color: rgb(255, 255, 255);\">　　都说生命中每一个与你相遇的人，都是你人生长河里命定的缘分。每一份遇见都缘自前世今生宿命的牵引，缘来是你，只因是你，爱意深种，一生不悔。每一个身份低微的人，心中都会有一个深爱的人，牵念一生;每一个无比高傲的人，也会为心中所爱，放下所有的孤傲与矜持。爱，是最不可言喻、最无法解释的曼妙情愫。走在一起不容易，一起在走更要加倍珍惜。</p><p style=\"padding: 0px; margin-top: 0px; margin-bottom: 10px; border: 0px; font-size: 15px; color: rgb(51, 51, 51); line-height: 28px; font-family: Verdana, Arial, 微软雅黑, Helvetica, sans-serif, SimSun; white-space: normal; background-color: rgb(255, 255, 255);\">　　有人说，人生就该糊涂过，不需要事事较真，才能过得更快乐。或许，这才是唯一让自己活得更开心快乐的法宝。有些事，看清了伤心;有些人，读懂了寒心。人生就是这样，总是在执著付出后，才会在忽然间参悟，于是，心开始下沉，无止境的滑落，直至跌进万丈深渊，就此沉沦……</p><p style=\"padding: 0px; margin-top: 0px; margin-bottom: 10px; border: 0px; font-size: 15px; color: rgb(51, 51, 51); line-height: 28px; font-family: Verdana, Arial, 微软雅黑, Helvetica, sans-serif, SimSun; white-space: normal; background-color: rgb(255, 255, 255);\">　　坚持太久，人会累;执著太久，心疲惫。走过万水千山，跨过千川万壑，总是在须臾间凉了心性，冷了执念，老了心境。唯有用沉默来掩藏所有的情愫，也许不言不语，才是最好的安放。偌大的世界都没有两片完全相同的叶子，又何必奢求能有人完全解读你的心声。都说心有多大，世界就有多广阔，也许只是自己太过于执著，以致作茧自缚，画地为牢。</p><p style=\"padding: 0px; margin-top: 0px; margin-bottom: 10px; border: 0px; font-size: 15px; color: rgb(51, 51, 51); line-height: 28px; font-family: Verdana, Arial, 微软雅黑, Helvetica, sans-serif, SimSun; white-space: normal; background-color: rgb(255, 255, 255);\">　　人生不能倒带，无法转回曾经的渡口，那些美好的温馨时光，犹如天空的流星，用一抹最灿烂的风姿划过天际，便了无踪迹，无处可寻。纵然你再想挽留，也是徒劳无功。</p><p style=\"padding: 0px; margin-top: 0px; margin-bottom: 10px; border: 0px; font-size: 15px; color: rgb(51, 51, 51); line-height: 28px; font-family: Verdana, Arial, 微软雅黑, Helvetica, sans-serif, SimSun; white-space: normal; background-color: rgb(255, 255, 255);\">　　生活没有删除键，无法删减已经发生的一切，无论有多苦多难，无论你多么不愿意接受现实，依然无法抹去既定的事实。只能将所有的苦涩滋味融进一盏清茶里一饮而尽。</p><p style=\"padding: 0px; margin-top: 0px; margin-bottom: 10px; border: 0px; font-size: 15px; color: rgb(51, 51, 51); line-height: 28px; font-family: Verdana, Arial, 微软雅黑, Helvetica, sans-serif, SimSun; white-space: normal; background-color: rgb(255, 255, 255);\">　　明天始终是一个未知的世界，谁都不知道意外和惊喜谁会先到来，唯有珍惜该珍惜的，执著该执著的，其他的事就交给明天来定夺吧。</p><p style=\"padding: 0px; margin-top: 0px; margin-bottom: 10px; border: 0px; font-size: 15px; color: rgb(51, 51, 51); line-height: 28px; font-family: Verdana, Arial, 微软雅黑, Helvetica, sans-serif, SimSun; white-space: normal; background-color: rgb(255, 255, 255);\">　　人生，说得简单一点，就是一个人从生到死的过程。每个人都想让自己的人生，在历史的长河里能留下一道绚丽的痕迹，所以都在孜孜不倦地追求。也许最简单的人生，就是做最真的自己，做最好的自己，不求自己的人生能够有多么的绚丽夺目，只求自己的人生能够让自己无怨无悔。</p><p style=\"padding: 0px; margin-top: 0px; margin-bottom: 10px; border: 0px; font-size: 15px; color: rgb(51, 51, 51); line-height: 28px; font-family: Verdana, Arial, 微软雅黑, Helvetica, sans-serif, SimSun; white-space: normal; background-color: rgb(255, 255, 255);\">　　昨天是过去，已成历史;今天是当下，正在进行;明天是未知，是憧憬与希望。过去的昨天，我们无法改写;未知的明天，我们无法预测;只有当下的今天，我们正在镌刻。</p><p style=\"padding: 0px; margin-top: 0px; margin-bottom: 10px; border: 0px; font-size: 15px; color: rgb(51, 51, 51); line-height: 28px; font-family: Verdana, Arial, 微软雅黑, Helvetica, sans-serif, SimSun; white-space: normal; background-color: rgb(255, 255, 255);\">　　我们唯有遗忘昨天的痛苦忧伤，撷取曾经的温暖点滴，植一份安暖于心，把握好当下的每时每刻，在心底期许一个明媚的明天。明天，是充满向往与美好，拥有欣喜与神奇的未来，只要行走在路上，明天必将是崭新的一天，等待着你去书写。</p><p style=\"padding: 0px; margin-top: 0px; margin-bottom: 10px; border: 0px; font-size: 15px; color: rgb(51, 51, 51); line-height: 28px; font-family: Verdana, Arial, 微软雅黑, Helvetica, sans-serif, SimSun; white-space: normal; background-color: rgb(255, 255, 255);\">　　作者：肖洁</p><p><br/></p>', null, null, null);
INSERT INTO `jf_cms_content_ext` VALUES ('8', '青春,秀逗啊', '生活对谁都一样公平，我们失去的，总有一天会以另一种方式归来。未来的路还很长，万幸的，我们尚年轻，所以，便只顾风雨兼程。\r\n　　当朋友在朋友圈晒出她下一个旅行目的地时，我正蹙紧眉头，计较着这个月的开支应该在多少钱以内，才能在扣掉房贷之后，勉强有所入。她所发的图片里的景色是碧空如洗，晴空万里，天，蔚蓝的颜色是那么漂亮又洁净。阳光明媚灿烂，洒在大地，大海辽阔无边际，水波荡漾着，真真好一个碧海蓝天，碧空万里，只是一眼，便觉得美不胜收，心荡神驰。', '<p style=\"padding: 0px; margin-top: 0px; margin-bottom: 10px; border: 0px; font-size: 15px; color: rgb(51, 51, 51); line-height: 28px; font-family: Verdana, Arial, 微软雅黑, Helvetica, sans-serif, SimSun; white-space: normal; background-color: rgb(255, 255, 255);\">&nbsp; &nbsp; &nbsp;&nbsp;<span style=\"color: rgb(51, 51, 51); font-family: Verdana, Arial, 微软雅黑, Helvetica, sans-serif, SimSun; font-size: 15px; line-height: 28px; background-color: rgb(255, 255, 255);\">文章引自：原创小站（http://www.52ycw.com/sanwen/shanggan/4513.html）</span></p><p style=\"padding: 0px; margin-top: 0px; margin-bottom: 10px; border: 0px; font-size: 15px; color: rgb(51, 51, 51); line-height: 28px; font-family: Verdana, Arial, 微软雅黑, Helvetica, sans-serif, SimSun; white-space: normal; background-color: rgb(255, 255, 255);\">&nbsp; &nbsp; &nbsp; 生活对谁都一样公平，我们失去的，总有一天会以另一种方式归来。未来的路还很长，万幸的，我们尚年轻，所以，便只顾风雨兼程。</p><p style=\"padding: 0px; margin-top: 0px; margin-bottom: 10px; border: 0px; font-size: 15px; color: rgb(51, 51, 51); line-height: 28px; font-family: Verdana, Arial, 微软雅黑, Helvetica, sans-serif, SimSun; white-space: normal; background-color: rgb(255, 255, 255);\">　　当朋友在朋友圈晒出她下一个旅行目的地时，我正蹙紧眉头，计较着这个月的开支应该在多少钱以内，才能在扣掉房贷之后，勉强有所入。她所发的图片里的景色是碧空如洗，晴空万里，天，蔚蓝的颜色是那么漂亮又洁净。阳光明媚灿烂，洒在大地，大海辽阔无边际，水波荡漾着，真真好一个碧海蓝天，碧空万里，只是一眼，便觉得美不胜收，心荡神驰。</p><p style=\"padding: 0px; margin-top: 0px; margin-bottom: 10px; border: 0px; font-size: 15px; color: rgb(51, 51, 51); line-height: 28px; font-family: Verdana, Arial, 微软雅黑, Helvetica, sans-serif, SimSun; white-space: normal; background-color: rgb(255, 255, 255);\">　　朋友字里行间里透出来的实实在在的快乐和幸福，我隔着屏幕，都感受到了，我似乎看到了她上翘的嘴角，和眉眼间散发出来的喜悦。不是不羡慕，因为那样天高海阔，云淡风轻的地方，正是我一心向往和喜爱的。</p><p style=\"padding: 0px; margin-top: 0px; margin-bottom: 10px; border: 0px; font-size: 15px; color: rgb(51, 51, 51); line-height: 28px; font-family: Verdana, Arial, 微软雅黑, Helvetica, sans-serif, SimSun; white-space: normal; background-color: rgb(255, 255, 255);\">　　可是现实，这摆在眼前的残酷现实，却只能让我想想，只能想想。</p><p style=\"padding: 0px; margin-top: 0px; margin-bottom: 10px; border: 0px; font-size: 15px; color: rgb(51, 51, 51); line-height: 28px; font-family: Verdana, Arial, 微软雅黑, Helvetica, sans-serif, SimSun; white-space: normal; background-color: rgb(255, 255, 255);\">　　我和她们不一样。身边的人们，慢慢的成家的越来越多，从少男少女变成父亲母亲的也不在少数，可为了生活在拼命熬着的，好像就我一个。</p><p style=\"padding: 0px; margin-top: 0px; margin-bottom: 10px; border: 0px; font-size: 15px; color: rgb(51, 51, 51); line-height: 28px; font-family: Verdana, Arial, 微软雅黑, Helvetica, sans-serif, SimSun; white-space: normal; background-color: rgb(255, 255, 255);\">　　小A买车了，他爸妈给买的，小Q买房了，他爸妈给的首付和装修，小E开店当老板啦，她爸妈给她开的，阿布两口子不给生活费也不养孩子，她爸妈给他们养。每每听到这样的话，心里总是不免俗的，一阵羡慕，然后，是深深的怅然，要是我和葛先生也有这样的爸妈，不奢求帮我们买车买房养孩子，只要能替我们分担一点点，也是好的。</p><p style=\"padding: 0px; margin-top: 0px; margin-bottom: 10px; border: 0px; font-size: 15px; color: rgb(51, 51, 51); line-height: 28px; font-family: Verdana, Arial, 微软雅黑, Helvetica, sans-serif, SimSun; white-space: normal; background-color: rgb(255, 255, 255);\">　　说出这样的话，是为笑话，本是到了我们回报他们的时候，却还想要索取。更不是怨怼父母，他们也是爱我们的，我们知道。特别是两位爸爸，毕竟，他们并不是我们的亲生父亲。</p><p style=\"padding: 0px; margin-top: 0px; margin-bottom: 10px; border: 0px; font-size: 15px; color: rgb(51, 51, 51); line-height: 28px; font-family: Verdana, Arial, 微软雅黑, Helvetica, sans-serif, SimSun; white-space: normal; background-color: rgb(255, 255, 255);\">　　两位妈妈经历相似，都是少不更事，糊涂的嫁给了自以为是的爱情，她们还是太年轻，伤痛或者幸福，还得用时间去证明，然而，不幸的是，她们两个都输了。</p><p style=\"padding: 0px; margin-top: 0px; margin-bottom: 10px; border: 0px; font-size: 15px; color: rgb(51, 51, 51); line-height: 28px; font-family: Verdana, Arial, 微软雅黑, Helvetica, sans-serif, SimSun; white-space: normal; background-color: rgb(255, 255, 255);\">　　婚姻的不幸，让两个女人，开始了完全不同的人生。一个辛辛苦苦在土地劳作，承受世人的指指点点，整整十年，独自在风里来雨里去，拉扯儿子，只盼他早日长大成人。而另一个也是孤身一人南下打工，提了一包行李，睡过几个桥洞，凭着骨子里的那份固执与不服输，终于在那沿海城市的某个小镇上，开了一个小店，做起了小老板。她能賺钱，更能花钱，对她以后的生活，以及我，她从未有过任何打算，几年下来，她没有一分存款，直到，她找到了另一份真正属于她的爱情。</p><p style=\"padding: 0px; margin-top: 0px; margin-bottom: 10px; border: 0px; font-size: 15px; color: rgb(51, 51, 51); line-height: 28px; font-family: Verdana, Arial, 微软雅黑, Helvetica, sans-serif, SimSun; white-space: normal; background-color: rgb(255, 255, 255);\">　　只是有些微不甘心，为什么我们的命运与别人如此不一样，为什么只有我们要一切都真真正正的从零开始，这样好辛苦，所有的一切都只能自己承担的事实，有时候会压得我喘不过气。</p><p style=\"padding: 0px; margin-top: 0px; margin-bottom: 10px; border: 0px; font-size: 15px; color: rgb(51, 51, 51); line-height: 28px; font-family: Verdana, Arial, 微软雅黑, Helvetica, sans-serif, SimSun; white-space: normal; background-color: rgb(255, 255, 255);\">　　小时候拼命的想长大，长大后，才知道生活的压力和艰辛。可即便如此，在举目无望，只能自己撞破脑袋，负重前行的境地里，我还是觉得幸福并一直感恩的。幸福是因为父母安康，家人顺遂，更感恩于我们的妈妈，养育我们，让我们能不受饥寒的长大。</p><p style=\"padding: 0px; margin-top: 0px; margin-bottom: 10px; border: 0px; font-size: 15px; color: rgb(51, 51, 51); line-height: 28px; font-family: Verdana, Arial, 微软雅黑, Helvetica, sans-serif, SimSun; white-space: normal; background-color: rgb(255, 255, 255);\">　　靠自己，我无比深刻的明白，人还是得靠自己，父母终究要老去，总有一天，该换我们去照顾他们。现在，所能做的，不过是一直咬牙坚持并努力让自己走得一天比一天快，白手起家，才有了生活和生存的意义。</p><p style=\"padding: 0px; margin-top: 0px; margin-bottom: 10px; border: 0px; font-size: 15px; color: rgb(51, 51, 51); line-height: 28px; font-family: Verdana, Arial, 微软雅黑, Helvetica, sans-serif, SimSun; white-space: normal; background-color: rgb(255, 255, 255);\">　　其实生活对谁都一样公平，我们失去的，总有一天会以另一种方式归来。我畅想着那一天的到来，我爱的天高海阔，高山流水，我想的随心所欲，自由自在。</p><p style=\"padding: 0px; margin-top: 0px; margin-bottom: 10px; border: 0px; font-size: 15px; color: rgb(51, 51, 51); line-height: 28px; font-family: Verdana, Arial, 微软雅黑, Helvetica, sans-serif, SimSun; white-space: normal; background-color: rgb(255, 255, 255);\">　　未来的路还很长，万幸的，我们尚年轻，所以，便只顾风雨兼程，带着能温暖自己的梦想，奋不顾身的去热爱生活。</p><p style=\"padding: 0px; margin-top: 0px; margin-bottom: 10px; border: 0px; font-size: 15px; color: rgb(51, 51, 51); line-height: 28px; font-family: Verdana, Arial, 微软雅黑, Helvetica, sans-serif, SimSun; white-space: normal; background-color: rgb(255, 255, 255);\">　　投稿者： 无晴无雨</p><p><br/></p>', null, null, null);
INSERT INTO `jf_cms_content_ext` VALUES ('9', '时光,秀逗啊', '你们是否有这样的想法，我要还是孩子该有多好，不再有工作的压力，不再为找对象发愁，不再有经济压力，好想超然物外，回归孩童。这个只是我心中美好的愿景，因为时光不能倒流，我们只能被动接受 ，任时间浸染。', '<p style=\"padding: 0px; margin-top: 0px; margin-bottom: 10px; border: 0px; font-size: 15px; color: rgb(51, 51, 51); line-height: 28px; font-family: Verdana, Arial, 微软雅黑, Helvetica, sans-serif, SimSun; white-space: normal; background-color: rgb(255, 255, 255);\">&nbsp; &nbsp; &nbsp;&nbsp;<span style=\"color: rgb(51, 51, 51); font-family: Verdana, Arial, 微软雅黑, Helvetica, sans-serif, SimSun; font-size: 15px; line-height: 28px; background-color: rgb(255, 255, 255);\">文章引自：原创小站（http://www.52ycw.com/sanwen/shanggan/4511.html）</span></p><p style=\"padding: 0px; margin-top: 0px; margin-bottom: 10px; border: 0px; font-size: 15px; color: rgb(51, 51, 51); line-height: 28px; font-family: Verdana, Arial, 微软雅黑, Helvetica, sans-serif, SimSun; white-space: normal; background-color: rgb(255, 255, 255);\">&nbsp; &nbsp; &nbsp; 你们是否有这样的想法，我要还是孩子该有多好，不再有工作的压力，不再为找对象发愁，不再有经济压力，好想超然物外，回归孩童。这个只是我心中美好的愿景，因为时光不能倒流，我们只能被动接受 ，任时间浸染。</p><p style=\"padding: 0px; margin-top: 0px; margin-bottom: 10px; border: 0px; font-size: 15px; color: rgb(51, 51, 51); line-height: 28px; font-family: Verdana, Arial, 微软雅黑, Helvetica, sans-serif, SimSun; white-space: normal; background-color: rgb(255, 255, 255);\">　　我们会发现越长大越孤单，蓦然回首什么那些曾经的朋友屈的一指可数，我们同学，我们的发小，会因为不经常联系，或者升学等各种原因，时间久了就慢慢淡出视野，他们有了自己的圈子，当我们没有交集时，我们会渐渐退出。中国古代有一句话;人生得一知己足矣何为知己?我个人认为是可以做到四点，有福共享， 有难同当， 荣辱与共，而且有相同的价值观。</p><p style=\"padding: 0px; margin-top: 0px; margin-bottom: 10px; border: 0px; font-size: 15px; color: rgb(51, 51, 51); line-height: 28px; font-family: Verdana, Arial, 微软雅黑, Helvetica, sans-serif, SimSun; white-space: normal; background-color: rgb(255, 255, 255);\">　　时光指尖划过，我们经历的也是越来越多，有些事情我们看到了，但是无力改变，这个社会也不会变成理想的大同世界，世界上还是有好人，有坏人的。有些人素质低下扰乱我们，我们只能是笃定些，尽量不被沾染。现在的网络技术是发达了。也早就了我们人与人之间的交流和信任越来越少，我们眼中只有个手机的小屏幕，却看不到世界的美好，家庭父母的关爱。这个世界因为互联网而变的方便，也因为互联网我们变的浮躁。</p><p style=\"padding: 0px; margin-top: 0px; margin-bottom: 10px; border: 0px; font-size: 15px; color: rgb(51, 51, 51); line-height: 28px; font-family: Verdana, Arial, 微软雅黑, Helvetica, sans-serif, SimSun; white-space: normal; background-color: rgb(255, 255, 255);\">　　你是否畅想过我们小时候，那时候没有手机，没有电脑，没有高科技，我们一样的很开心，我们能在玩捉迷藏玩一天，人人都是高高兴兴，能玩玻璃球，玩面包顶着大太阳也不嫌热，我们以前玩过的肯能已经被时间定格，现在的孩子再也不会经历，我们那些高兴，那些发自内心的喜悦，也是没有经历过这些的没有办法体会的，</p><p style=\"padding: 0px; margin-top: 0px; margin-bottom: 10px; border: 0px; font-size: 15px; color: rgb(51, 51, 51); line-height: 28px; font-family: Verdana, Arial, 微软雅黑, Helvetica, sans-serif, SimSun; white-space: normal; background-color: rgb(255, 255, 255);\">　　然而那些曾经的90后现在都已经长大了，现在已经不是90后的天下了，我们开始承担起社会的责任，抚养小孩赡养老人的义务，我们肩上的单子也越来越大，有车贷，与房贷。 这些逼迫的我们不努力挣钱，我们渐渐的因为赚更多的钱而放弃我们的底线。是的钱是很重要，但是只是我们生存的一个必要需要，我们也是要坚守底线。</p><p style=\"padding: 0px; margin-top: 0px; margin-bottom: 10px; border: 0px; font-size: 15px; color: rgb(51, 51, 51); line-height: 28px; font-family: Verdana, Arial, 微软雅黑, Helvetica, sans-serif, SimSun; white-space: normal; background-color: rgb(255, 255, 255);\">　　工作压力也随之增加，大城市工作节奏挺快的，我们每天早晨起床挤着地铁，中午匆匆忙忙吃完饭接着工作，到了下午拖着疲惫的身子接着挤地铁，你们是否想过，人生为是什么活着这么累呢，曾经走出校门，那种我要出人头地，我要自己的人生，那种豪迈也烟消云散。</p><p style=\"padding: 0px; margin-top: 0px; margin-bottom: 10px; border: 0px; font-size: 15px; color: rgb(51, 51, 51); line-height: 28px; font-family: Verdana, Arial, 微软雅黑, Helvetica, sans-serif, SimSun; white-space: normal; background-color: rgb(255, 255, 255);\">　　现在有种想要时光倒流的想法，我们重回小时候，可能每个年龄段我们经历的不一样，小时候我们畅想长大，长大了我们又回忆小时候。人生就是我们一步步走过，任时光浸染，我们只能被动接受。</p><p style=\"padding: 0px; margin-top: 0px; margin-bottom: 10px; border: 0px; font-size: 15px; color: rgb(51, 51, 51); line-height: 28px; font-family: Verdana, Arial, 微软雅黑, Helvetica, sans-serif, SimSun; white-space: normal; background-color: rgb(255, 255, 255);\">　　投稿者： 陈杰翔</p><p><br/></p>', null, null, null);
INSERT INTO `jf_cms_content_ext` VALUES ('10', '秀逗啊', '他从天边来，我待枝头出。不是熏风不相会，春心润如酥。\r\n她是源中閨，我觅武陵处。不是熏风不相会，春心不得梏。', '<p style=\"padding: 0px; margin-top: 0px; margin-bottom: 10px; border: 0px; font-size: 15px; color: rgb(51, 51, 51); line-height: 28px; font-family: Verdana, Arial, 微软雅黑, Helvetica, sans-serif, SimSun; white-space: normal; background-color: rgb(255, 255, 255);\">&nbsp; &nbsp; &nbsp;&nbsp;<span style=\"color: rgb(51, 51, 51); font-family: Verdana, Arial, 微软雅黑, Helvetica, sans-serif, SimSun; font-size: 15px; line-height: 28px; background-color: rgb(255, 255, 255);\">文章引自：原创小站（http://www.52ycw.com/sanwen/xiejing/4441.html）</span></p><p style=\"padding: 0px; margin-top: 0px; margin-bottom: 10px; border: 0px; font-size: 15px; color: rgb(51, 51, 51); line-height: 28px; font-family: Verdana, Arial, 微软雅黑, Helvetica, sans-serif, SimSun; white-space: normal; background-color: rgb(255, 255, 255);\">&nbsp;&nbsp;&nbsp;&nbsp; &nbsp;他从天边来，我待枝头出。不是熏风不相会，春心润如酥。</p><p style=\"padding: 0px; margin-top: 0px; margin-bottom: 10px; border: 0px; font-size: 15px; color: rgb(51, 51, 51); line-height: 28px; font-family: Verdana, Arial, 微软雅黑, Helvetica, sans-serif, SimSun; white-space: normal; background-color: rgb(255, 255, 255);\">　　她是源中閨，我觅武陵处。不是熏风不相会，春心不得梏。</p><p style=\"padding: 0px; margin-top: 0px; margin-bottom: 10px; border: 0px; font-size: 15px; color: rgb(51, 51, 51); line-height: 28px; font-family: Verdana, Arial, 微软雅黑, Helvetica, sans-serif, SimSun; white-space: normal; background-color: rgb(255, 255, 255);\">　　人云心存爱怜者，春心情眼各不同。唐人杜牧爱春，“千里莺啼绿映红”，鸟鸣春近，情思尽在楼烟中。宋人卢祖皋惜春，“笼愁澹月”，“鸾分鉴影”，丝丝细雨即是游子别离的咽恨。</p><p style=\"padding: 0px; margin-top: 0px; margin-bottom: 10px; border: 0px; font-size: 15px; color: rgb(51, 51, 51); line-height: 28px; font-family: Verdana, Arial, 微软雅黑, Helvetica, sans-serif, SimSun; white-space: normal; background-color: rgb(255, 255, 255);\">　　一场细雨引风来，情满枝头啣春红。花开缠绵，剪开一曲浅写守望的思念，诗笺冷暖，装载只列欲望耸动的流年。你在字中打坐，我与白处守城，一点一横是相思，轻提挫顿恋舟横。</p><p style=\"padding: 0px; margin-top: 0px; margin-bottom: 10px; border: 0px; font-size: 15px; color: rgb(51, 51, 51); line-height: 28px; font-family: Verdana, Arial, 微软雅黑, Helvetica, sans-serif, SimSun; white-space: normal; background-color: rgb(255, 255, 255);\">　　风拂柳绿，月下门推，疏影弄眼，花拥人偎。</p><p style=\"padding: 0px; margin-top: 0px; margin-bottom: 10px; border: 0px; font-size: 15px; color: rgb(51, 51, 51); line-height: 28px; font-family: Verdana, Arial, 微软雅黑, Helvetica, sans-serif, SimSun; white-space: normal; background-color: rgb(255, 255, 255);\">　　雨喃稼禾，水上虹对。涟漪牵手，足蹈项会。</p><p style=\"padding: 0px; margin-top: 0px; margin-bottom: 10px; border: 0px; font-size: 15px; color: rgb(51, 51, 51); line-height: 28px; font-family: Verdana, Arial, 微软雅黑, Helvetica, sans-serif, SimSun; white-space: normal; background-color: rgb(255, 255, 255);\">　　那丝丝细雨有跫声有怀思，咀嚼是《诗经·邺风·谷风》唱婉：“習習谷风，以隂以雨。黾勉同心，不宜有怒。采葑采菲，无以下軆，德音莫违，及尔同死”。</p><p style=\"padding: 0px; margin-top: 0px; margin-bottom: 10px; border: 0px; font-size: 15px; color: rgb(51, 51, 51); line-height: 28px; font-family: Verdana, Arial, 微软雅黑, Helvetica, sans-serif, SimSun; white-space: normal; background-color: rgb(255, 255, 255);\">　　那含苞桃萼就是风雨中的丽人，心底怅思不已：那是贴着胸才能听到的情歌：“风雨凄凄，鸡鸣喈喈。既见君子，云胡不夷。风雨潇潇，鸡鸣膠膠。既见君子，云胡不瘳(《诗经·风雨》)”。</p><p style=\"padding: 0px; margin-top: 0px; margin-bottom: 10px; border: 0px; font-size: 15px; color: rgb(51, 51, 51); line-height: 28px; font-family: Verdana, Arial, 微软雅黑, Helvetica, sans-serif, SimSun; white-space: normal; background-color: rgb(255, 255, 255);\">　　我躲在只滴的“水晶宫”里窥世，“山一程，水一程，身向榆关那畔行，夜深千帐灯。风一更，雪一更，聒碎乡心梦不成，故园无此声(纳兰性德《长相思》)”。</p><p style=\"padding: 0px; margin-top: 0px; margin-bottom: 10px; border: 0px; font-size: 15px; color: rgb(51, 51, 51); line-height: 28px; font-family: Verdana, Arial, 微软雅黑, Helvetica, sans-serif, SimSun; white-space: normal; background-color: rgb(255, 255, 255);\">　　桃红把我藏在“花庵”里修身，“宝髻松松挽就，铅华淡淡妆成 ，青烟翠雾罩轻盈(宋·司马光《西江月》)”。“红满枝，绿满枝，宿雨厌厌睡起迟。闲庭花影移。(唐·冯延巳《长相思》)。”</p><p style=\"padding: 0px; margin-top: 0px; margin-bottom: 10px; border: 0px; font-size: 15px; color: rgb(51, 51, 51); line-height: 28px; font-family: Verdana, Arial, 微软雅黑, Helvetica, sans-serif, SimSun; white-space: normal; background-color: rgb(255, 255, 255);\">　　馥薰香蒸，牵裳绾袖，“不会相思，学会想思，就害相思(《西厢记》)”。原创小站www.52ycw.com</p><p style=\"padding: 0px; margin-top: 0px; margin-bottom: 10px; border: 0px; font-size: 15px; color: rgb(51, 51, 51); line-height: 28px; font-family: Verdana, Arial, 微软雅黑, Helvetica, sans-serif, SimSun; white-space: normal; background-color: rgb(255, 255, 255);\">　　春梦叠垒，禅意犹浓，“但曾相见便相知，相见何如不见时(仓央嘉措)。”</p><p style=\"padding: 0px; margin-top: 0px; margin-bottom: 10px; border: 0px; font-size: 15px; color: rgb(51, 51, 51); line-height: 28px; font-family: Verdana, Arial, 微软雅黑, Helvetica, sans-serif, SimSun; white-space: normal; background-color: rgb(255, 255, 255);\">　　寒烟滴翠，烛影摇红。守一份清风画浪漫，指勾丝缕，织幅似水若风的缠绵。轻燃心灯，点亮春江花月夜。</p><p style=\"padding: 0px; margin-top: 0px; margin-bottom: 10px; border: 0px; font-size: 15px; color: rgb(51, 51, 51); line-height: 28px; font-family: Verdana, Arial, 微软雅黑, Helvetica, sans-serif, SimSun; white-space: normal; background-color: rgb(255, 255, 255);\">　　暖风含英，温柔岁月。捏个你中有我、我中有你的情塑，待到天荒地老时;淀种念想，和顺沧海桑田间。</p><p style=\"padding: 0px; margin-top: 0px; margin-bottom: 10px; border: 0px; font-size: 15px; color: rgb(51, 51, 51); line-height: 28px; font-family: Verdana, Arial, 微软雅黑, Helvetica, sans-serif, SimSun; white-space: normal; background-color: rgb(255, 255, 255);\">　　浅香流水，只留葱茏温暖。</p><p style=\"padding: 0px; margin-top: 0px; margin-bottom: 10px; border: 0px; font-size: 15px; color: rgb(51, 51, 51); line-height: 28px; font-family: Verdana, Arial, 微软雅黑, Helvetica, sans-serif, SimSun; white-space: normal; background-color: rgb(255, 255, 255);\">　　执手嗔笑，莫问今夕何夕。</p><p style=\"padding: 0px; margin-top: 0px; margin-bottom: 10px; border: 0px; font-size: 15px; color: rgb(51, 51, 51); line-height: 28px; font-family: Verdana, Arial, 微软雅黑, Helvetica, sans-serif, SimSun; white-space: normal; background-color: rgb(255, 255, 255);\">　　有人说，春在兰亭。一笔一划尽是春的种子，花开千年。我看那春待自芳萼，尽是馥香，醉了日月时光。</p><p style=\"padding: 0px; margin-top: 0px; margin-bottom: 10px; border: 0px; font-size: 15px; color: rgb(51, 51, 51); line-height: 28px; font-family: Verdana, Arial, 微软雅黑, Helvetica, sans-serif, SimSun; white-space: normal; background-color: rgb(255, 255, 255);\">　　青青柳色新，山郭酒旗风，谁知诗意还是春色?</p><p style=\"padding: 0px; margin-top: 0px; margin-bottom: 10px; border: 0px; font-size: 15px; color: rgb(51, 51, 51); line-height: 28px; font-family: Verdana, Arial, 微软雅黑, Helvetica, sans-serif, SimSun; white-space: normal; background-color: rgb(255, 255, 255);\">　　花雨同春度，汝侬合卺乘，敢问还有什么奢求?</p><p style=\"padding: 0px; margin-top: 0px; margin-bottom: 10px; border: 0px; font-size: 15px; color: rgb(51, 51, 51); line-height: 28px; font-family: Verdana, Arial, 微软雅黑, Helvetica, sans-serif, SimSun; white-space: normal; background-color: rgb(255, 255, 255);\">　　作者：子愚雅趣</p><p><br/></p>', null, null, null);
INSERT INTO `jf_cms_content_ext` VALUES ('11', '秀逗啊,白头', '每到冬天，才觉得真实地触摸到了岁月，冬天里，有薄凉，有暖阳，也会有风会唤醒一些念想，此时，眼里的世界是明亮的，如身边相伴的人，温暖的问候，这世间的懂得，只有内心知道，光阴中的默契，日久弥深。', '<p style=\"padding: 0px; margin-top: 0px; margin-bottom: 10px; border: 0px; font-size: 15px; color: rgb(51, 51, 51); line-height: 28px; font-family: Verdana, Arial, 微软雅黑, Helvetica, sans-serif, SimSun; white-space: normal; background-color: rgb(255, 255, 255);\">&nbsp; &nbsp; &nbsp;&nbsp;<span style=\"color: rgb(51, 51, 51); font-family: Verdana, Arial, 微软雅黑, Helvetica, sans-serif, SimSun; font-size: 15px; line-height: 28px; background-color: rgb(255, 255, 255);\">文章引自：原创小站（http://www.52ycw.com/sanwen/shanggan/4378.html）</span></p><p style=\"padding: 0px; margin-top: 0px; margin-bottom: 10px; border: 0px; font-size: 15px; color: rgb(51, 51, 51); line-height: 28px; font-family: Verdana, Arial, 微软雅黑, Helvetica, sans-serif, SimSun; white-space: normal; background-color: rgb(255, 255, 255);\">&nbsp; &nbsp; &nbsp; 每到冬天，才觉得真实地触摸到了岁月，冬天里，有薄凉，有暖阳，也会有风会唤醒一些念想，此时，眼里的世界是明亮的，如身边相伴的人，温暖的问候，这世间的懂得，只有内心知道，光阴中的默契，日久弥深。</p><p style=\"padding: 0px; margin-top: 0px; margin-bottom: 10px; border: 0px; font-size: 15px; color: rgb(51, 51, 51); line-height: 28px; font-family: Verdana, Arial, 微软雅黑, Helvetica, sans-serif, SimSun; white-space: normal; background-color: rgb(255, 255, 255);\">　　你说，你的世界在飘雪，于是我穿过季节，迎着风，携来百花香，来装点你的楼阁，想象着你脚步匆匆，风雪夜归，围一炉红火，与我秉烛诗话，这样的日子，有香有暖，却只是，倘佯在我的诗中。素白的光阴里，我们都不是勇者，总是在奔赴在自己想要的生活，却一直在放弃，宛如初见，忽尔盛开，又有多少遇见，能保留那份静寂纯白?</p><p style=\"padding: 0px; margin-top: 0px; margin-bottom: 10px; border: 0px; font-size: 15px; color: rgb(51, 51, 51); line-height: 28px; font-family: Verdana, Arial, 微软雅黑, Helvetica, sans-serif, SimSun; white-space: normal; background-color: rgb(255, 255, 255);\">　　这世上总有一个人，温柔了你的岁月，惊艳了你的时光。也许他只是陪你走过了一段路，也许他只是曾经给你温暖。有些花朵，我们曾那么渴望它盛开，可它终还是过早凋零了，喜欢那句，爱得深，爱得早，都不如爱得刚刚好。</p><p style=\"padding: 0px; margin-top: 0px; margin-bottom: 10px; border: 0px; font-size: 15px; color: rgb(51, 51, 51); line-height: 28px; font-family: Verdana, Arial, 微软雅黑, Helvetica, sans-serif, SimSun; white-space: normal; background-color: rgb(255, 255, 255);\">　　漫长的光阴，有多少人值得在花香里想念;在烟火里相守;在岁月里相知?有些人只适合在心里，有些人却适合陪伴在身边。</p><p style=\"padding: 0px; margin-top: 0px; margin-bottom: 10px; border: 0px; font-size: 15px; color: rgb(51, 51, 51); line-height: 28px; font-family: Verdana, Arial, 微软雅黑, Helvetica, sans-serif, SimSun; white-space: normal; background-color: rgb(255, 255, 255);\">　　白落梅说，在这光怪陆离的人间，没有谁可以将日子过得行云流水，总是在无常的尘世里，词不达意，如若这一生，总会有这样一个人，你为他煮一炉暖香，他把你红袖牵遍，纵是风飘雨落，也情深若水，再多沧桑，亦是不负如来不负卿，那么，我希望这个人是你，于是我等，等你来与我，赴一场青梅煮酒的盛宴。</p><p style=\"padding: 0px; margin-top: 0px; margin-bottom: 10px; border: 0px; font-size: 15px; color: rgb(51, 51, 51); line-height: 28px; font-family: Verdana, Arial, 微软雅黑, Helvetica, sans-serif, SimSun; white-space: normal; background-color: rgb(255, 255, 255);\">　　厚爱不必多言，只是温暖的陪伴，爱没有声音，但你终将听见，岁月只有经过打磨，人生才能沙粒成珠，爱情经过时光的打磨，方能契合生命，最美的爱情，是牵起一双不离不弃的手，走向时光深处。小清新的www.52ycw.com</p><p style=\"padding: 0px; margin-top: 0px; margin-bottom: 10px; border: 0px; font-size: 15px; color: rgb(51, 51, 51); line-height: 28px; font-family: Verdana, Arial, 微软雅黑, Helvetica, sans-serif, SimSun; white-space: normal; background-color: rgb(255, 255, 255);\">　　我坚信有缘的人总会遇到，就像花朵遇见春天，梅雪与冬相约，又比如，下一个路口，遇见你时，轻轻的道一声，原来你也在这里，那份似曾相识的美好，让月圆是诗，月缺亦是画。有些缘分，要用漫长的光阴来见证，在秋心里薄了的情，在冬雪里也会润了念。</p><p style=\"padding: 0px; margin-top: 0px; margin-bottom: 10px; border: 0px; font-size: 15px; color: rgb(51, 51, 51); line-height: 28px; font-family: Verdana, Arial, 微软雅黑, Helvetica, sans-serif, SimSun; white-space: normal; background-color: rgb(255, 255, 255);\">　　光阴中的最美，是遇到一场花开，和一个恰恰好的人。若生命是一场途经，因为遇见，所有的山河日月，都是自己喜欢的模样，这一路上，山一程水一程的奔赴，都是为了有一天能停下来，等一个灵魂相近的人，暖一场相逢。</p><p style=\"padding: 0px; margin-top: 0px; margin-bottom: 10px; border: 0px; font-size: 15px; color: rgb(51, 51, 51); line-height: 28px; font-family: Verdana, Arial, 微软雅黑, Helvetica, sans-serif, SimSun; white-space: normal; background-color: rgb(255, 255, 255);\">　　静好的岁月里，总会有花开花落，生命无论怎样度过都会留有遗憾，我不怕日子平凡，只怕没了温暖，与你牵着岁月的手，走过日月，走过风霜，即便时光被虚度，我也愿意做那消磨了光阴和归途的人，在时光的眼眸里，写满了与你倾心的岁岁年年。</p><p style=\"padding: 0px; margin-top: 0px; margin-bottom: 10px; border: 0px; font-size: 15px; color: rgb(51, 51, 51); line-height: 28px; font-family: Verdana, Arial, 微软雅黑, Helvetica, sans-serif, SimSun; white-space: normal; background-color: rgb(255, 255, 255);\">　　常想，用心绣光阴的人，心中，定是藏着的温暖，或许是一个人的眉眼，也许是与他有关的日月寻常。长长岁月里，用情深意长的线，绣四目相对的初初见，绣相知相惜的两情相悦，一针一线，皆是情意，一起一落，都是生活。</p><p style=\"padding: 0px; margin-top: 0px; margin-bottom: 10px; border: 0px; font-size: 15px; color: rgb(51, 51, 51); line-height: 28px; font-family: Verdana, Arial, 微软雅黑, Helvetica, sans-serif, SimSun; white-space: normal; background-color: rgb(255, 255, 255);\">　　寂静的时光里，挑一盏灯花，月光下，便溢满等待的温暖，日子如诗，你是诗中最美的韵角，光阴终会老，老在你的眉眼间，老在日常里，将一生的容颜看老，将一生的时光绣老，将一生的风景看遍，落款处，你发如雪，却深情如昨，我不语，微笑以赠。</p><p style=\"padding: 0px; margin-top: 0px; margin-bottom: 10px; border: 0px; font-size: 15px; color: rgb(51, 51, 51); line-height: 28px; font-family: Verdana, Arial, 微软雅黑, Helvetica, sans-serif, SimSun; white-space: normal; background-color: rgb(255, 255, 255);\">　　岁月里藏着冬的眷恋，如果你用心去读，读一处风景，读一朵雪花，读一枝红梅，读成一幅淡雅的诗。光阴自有他的美意，于是我等，等雪落了，梅开了，你便会来了，来和我对坐，听雪簌簌地落下，喝一杯茶，心中便会生出多少的暖意?这样的光阴也会变老，时光也终会变的纯白。那些一起走过的故事，也会像你给我煮的青菜汤，变得自然，妥贴，在泛黄的时光中书写着铭记。人生感悟www.52ycw.com</p><p style=\"padding: 0px; margin-top: 0px; margin-bottom: 10px; border: 0px; font-size: 15px; color: rgb(51, 51, 51); line-height: 28px; font-family: Verdana, Arial, 微软雅黑, Helvetica, sans-serif, SimSun; white-space: normal; background-color: rgb(255, 255, 255);\">　　每一个行走在这世上的人，心中一定都有一份爱，让他能够在这个薄情的世界里，深情地活着。而我深藏的，不是山盟海誓，也不是风花雪月，而是贴近烟火的那份暖，总觉得风花雪月不过是刻意营造的情怀，而柴米油盐才是最自然的生活，将一份爱安放在心中，任时光老去，依旧在心灵的空间里，花开花谢，云卷云舒，纵然盐米油盐，也有清茶可品，世事沧桑，我独爱你这一章。</p><p style=\"padding: 0px; margin-top: 0px; margin-bottom: 10px; border: 0px; font-size: 15px; color: rgb(51, 51, 51); line-height: 28px; font-family: Verdana, Arial, 微软雅黑, Helvetica, sans-serif, SimSun; white-space: normal; background-color: rgb(255, 255, 255);\">　　于光阴中，把叶看落了，把花看香了，把水看细了，便喜欢简单了，把日子过得老了，才会生成暖意。冬天来了，便觉得人生的路没有必要那么赶，只需装着一个黎明，一个黄昏，还有一个你。 下雪的日子里，雪中与你眷恋，并肩而行。或是，暖阳映在窗前，我低念你的名字，你的喜悦，便上眉梢。</p><p><br/></p>', null, null, null);
INSERT INTO `jf_cms_content_ext` VALUES ('12', '秀逗啊', '时光煮雨，岁月缝花。朝盈阳光沐轩亭，暮垂月色裁诗篇。点墨幽香书素笺，挥豪山漫画廊。春花幽梦，流水清幽，一溪凝碧清幽远，涓涓吟唱岁月瑶，夏雨连绵诗意漫，朦胧飘渺罩琼亭。秋叶静美枫蝶舞，冬雪漫洒素蝶飞。', '<p style=\"padding: 0px; margin-top: 0px; margin-bottom: 10px; border: 0px; font-size: 15px; color: rgb(51, 51, 51); line-height: 28px; font-family: Verdana, Arial, 微软雅黑, Helvetica, sans-serif, SimSun; white-space: normal; background-color: rgb(255, 255, 255);\">&nbsp; &nbsp; &nbsp;&nbsp;<span style=\"color: rgb(51, 51, 51); font-family: Verdana, Arial, 微软雅黑, Helvetica, sans-serif, SimSun; font-size: 15px; line-height: 28px; background-color: rgb(255, 255, 255);\">文章引自：原创小站（http://www.52ycw.com/sanwen/shanggan/4149.html）</span></p><p style=\"padding: 0px; margin-top: 0px; margin-bottom: 10px; border: 0px; font-size: 15px; color: rgb(51, 51, 51); line-height: 28px; font-family: Verdana, Arial, 微软雅黑, Helvetica, sans-serif, SimSun; white-space: normal; background-color: rgb(255, 255, 255);\">&nbsp;&nbsp;&nbsp;&nbsp; &nbsp;时光煮雨，岁月缝花</p><p style=\"padding: 0px; margin-top: 0px; margin-bottom: 10px; border: 0px; font-size: 15px; color: rgb(51, 51, 51); line-height: 28px; font-family: Verdana, Arial, 微软雅黑, Helvetica, sans-serif, SimSun; white-space: normal; background-color: rgb(255, 255, 255);\">　　时光煮雨，岁月缝花。朝盈阳光沐轩亭，暮垂月色裁诗篇。点墨幽香书素笺，挥豪山漫画廊。春花幽梦，流水清幽，一溪凝碧清幽远，涓涓吟唱岁月瑶，夏雨连绵诗意漫，朦胧飘渺罩琼亭。秋叶静美枫蝶舞，冬雪漫洒素蝶飞。</p><p style=\"padding: 0px; margin-top: 0px; margin-bottom: 10px; border: 0px; font-size: 15px; color: rgb(51, 51, 51); line-height: 28px; font-family: Verdana, Arial, 微软雅黑, Helvetica, sans-serif, SimSun; white-space: normal; background-color: rgb(255, 255, 255);\">　　------------------------题记</p><p style=\"padding: 0px; margin-top: 0px; margin-bottom: 10px; border: 0px; font-size: 15px; color: rgb(51, 51, 51); line-height: 28px; font-family: Verdana, Arial, 微软雅黑, Helvetica, sans-serif, SimSun; white-space: normal; background-color: rgb(255, 255, 255);\">　　轻牵岁月的手，踏进花的海洋，漫步在花开满径的流年，执小小花伞，蓝天裁霓裳漫舞，粉面涵香，秀发如云。携一颗水晶般的心，静静行于陌上，看陌上花开，流年里的故事在岁月的长廊沉香萦绕，轻舒小笺，落墨幽香。</p><p style=\"padding: 0px; margin-top: 0px; margin-bottom: 10px; border: 0px; font-size: 15px; color: rgb(51, 51, 51); line-height: 28px; font-family: Verdana, Arial, 微软雅黑, Helvetica, sans-serif, SimSun; white-space: normal; background-color: rgb(255, 255, 255);\">　　时光煮雨，岁月缝花。邂逅花海遇见美丽，扶花枝轻轻品味花香馥郁。流年时光轻轻流逝，不经意间花盛开点点盈露，禅意的画卷轻绽，宿命里的故事在时光中走远，素心若简，静观云卷云舒，淡观花开花落。</p><p style=\"padding: 0px; margin-top: 0px; margin-bottom: 10px; border: 0px; font-size: 15px; color: rgb(51, 51, 51); line-height: 28px; font-family: Verdana, Arial, 微软雅黑, Helvetica, sans-serif, SimSun; white-space: normal; background-color: rgb(255, 255, 255);\">　　时光煮雨，岁月缝花。朝盈阳光沐轩亭，暮垂月色裁诗篇。点墨幽香书素笺，挥豪山水漫画廊。</p><p style=\"padding: 0px; margin-top: 0px; margin-bottom: 10px; border: 0px; font-size: 15px; color: rgb(51, 51, 51); line-height: 28px; font-family: Verdana, Arial, 微软雅黑, Helvetica, sans-serif, SimSun; white-space: normal; background-color: rgb(255, 255, 255);\">　　悠扬的节奏，轻叩心弦，灵动的音符奏响诗篇，墨香袅袅，长发飘飘，罗袖涵香，轻叩心弦。回忆，流连，阳光明媚花儿娇艳，风轻拂，云飘逸，心间流动的清泉，是人间最动人的情感。清冷凝香，脉脉沉香，轻吟浅唱生命的乐章，在世间回荡......</p><p style=\"padding: 0px; margin-top: 0px; margin-bottom: 10px; border: 0px; font-size: 15px; color: rgb(51, 51, 51); line-height: 28px; font-family: Verdana, Arial, 微软雅黑, Helvetica, sans-serif, SimSun; white-space: normal; background-color: rgb(255, 255, 255);\">　　放牧心灵，竹笛幽奏一曲，清音袅袅回旋在天宇，静静行于陌上，看陌上花开，天边的白云悠悠，感觉清风飘逸，流云绕肩。你那飞舞的霓裳就像一朵白云在舞蹈，你的明眸水波荡漾，阳光映红了你的脸颊，就像桃花嫣然开放。经典句子www.52ycw.com</p><p style=\"padding: 0px; margin-top: 0px; margin-bottom: 10px; border: 0px; font-size: 15px; color: rgb(51, 51, 51); line-height: 28px; font-family: Verdana, Arial, 微软雅黑, Helvetica, sans-serif, SimSun; white-space: normal; background-color: rgb(255, 255, 255);\">　　素衣白纱，貌美如花，瀑丝飞逸，笑拥晚霞。</p><p style=\"padding: 0px; margin-top: 0px; margin-bottom: 10px; border: 0px; font-size: 15px; color: rgb(51, 51, 51); line-height: 28px; font-family: Verdana, Arial, 微软雅黑, Helvetica, sans-serif, SimSun; white-space: normal; background-color: rgb(255, 255, 255);\">　　露珠晶莹，花瓣涵香，经年里的故事在素卷芬芳，清风拂去温馨，晚霞映红了笑脸，记忆里的芬芳在时空回荡。</p><p style=\"padding: 0px; margin-top: 0px; margin-bottom: 10px; border: 0px; font-size: 15px; color: rgb(51, 51, 51); line-height: 28px; font-family: Verdana, Arial, 微软雅黑, Helvetica, sans-serif, SimSun; white-space: normal; background-color: rgb(255, 255, 255);\">　　愿文字流云赋笔，岁月缝花，心诗点墨，嫣然绽花，在心灵的一方圣土上默默耕耘，收获一份清新，一份喜悦，一份恬淡，如此就好。</p><p style=\"padding: 0px; margin-top: 0px; margin-bottom: 10px; border: 0px; font-size: 15px; color: rgb(51, 51, 51); line-height: 28px; font-family: Verdana, Arial, 微软雅黑, Helvetica, sans-serif, SimSun; white-space: normal; background-color: rgb(255, 255, 255);\">　　倾听着时光长廊的乐章，古韵醇芳，且借一池墨千年绘画廊，徜徉流连间，指尖幽涵芳。</p><p style=\"padding: 0px; margin-top: 0px; margin-bottom: 10px; border: 0px; font-size: 15px; color: rgb(51, 51, 51); line-height: 28px; font-family: Verdana, Arial, 微软雅黑, Helvetica, sans-serif, SimSun; white-space: normal; background-color: rgb(255, 255, 255);\">　　剪剪清风，飘逸轻柔，吹落书笺，淡淡花香和着墨香在风中丝丝飘荡，栀子花洁白的花朵在微风里摇曳，露珠轻盈，这洁白的花朵素雅芬芳，花开凝香指尖。</p><p style=\"padding: 0px; margin-top: 0px; margin-bottom: 10px; border: 0px; font-size: 15px; color: rgb(51, 51, 51); line-height: 28px; font-family: Verdana, Arial, 微软雅黑, Helvetica, sans-serif, SimSun; white-space: normal; background-color: rgb(255, 255, 255);\">　　时光煮雨，岁月缝花。轻语流年，素卷沁暖，白云飘逸清风温馨，走在岁月流年，多少往事随风。捏花浅笑，在濛濛细雨中打着小小花伞，朦胧诗雨，剪剪清风，细雨密织，就像万千丝线，缝出嫣然花开。爱情美文www.52ycw.com</p><p style=\"padding: 0px; margin-top: 0px; margin-bottom: 10px; border: 0px; font-size: 15px; color: rgb(51, 51, 51); line-height: 28px; font-family: Verdana, Arial, 微软雅黑, Helvetica, sans-serif, SimSun; white-space: normal; background-color: rgb(255, 255, 255);\">　　临窗听雨，落墨成笺，且听时光煮雨，漫赏岁月缝花。品一茗香茶，听一曲禅音，静静岁月在文字间品味温润的时光，雨缝岁月，墨沁绽花。</p><p style=\"padding: 0px; margin-top: 0px; margin-bottom: 10px; border: 0px; font-size: 15px; color: rgb(51, 51, 51); line-height: 28px; font-family: Verdana, Arial, 微软雅黑, Helvetica, sans-serif, SimSun; white-space: normal; background-color: rgb(255, 255, 255);\">　　晶莹的雪花，煮雪觅诗如诗如画，无暇的情愫，点墨绘就人间佳话。漫步画廊，静享一份清雅，雪中觅芳踪，梅芳雪霓裳，洁白素蝶飞，幽幽人间漫洒。</p><p style=\"padding: 0px; margin-top: 0px; margin-bottom: 10px; border: 0px; font-size: 15px; color: rgb(51, 51, 51); line-height: 28px; font-family: Verdana, Arial, 微软雅黑, Helvetica, sans-serif, SimSun; white-space: normal; background-color: rgb(255, 255, 255);\">　　听季风吟唱，文字有魂，落墨幽芳，轻吟浅唱，穿越历史的长河，越过岁月的长廊，在时光流年留下悠久的历史，留下不朽的诗篇。阳光在心灵蓄涵温暖，微笑洋溢在脸上，优雅着一份别致的情怀，以一朵花的姿态浅浅行于世间，心盈阳光，微笑向暖，心中有爱，四季花开。</p><p style=\"padding: 0px; margin-top: 0px; margin-bottom: 10px; border: 0px; font-size: 15px; color: rgb(51, 51, 51); line-height: 28px; font-family: Verdana, Arial, 微软雅黑, Helvetica, sans-serif, SimSun; white-space: normal; background-color: rgb(255, 255, 255);\">　　时光煮雨，岁月缝花。思绪流转，往事乘风，让回忆轻轻落笺点墨成香，挥墨写就时光里的故事。远方会有一方香舟轻轻摇曳，在文字间脉脉沉香，心灵间会摇曳浅香，只要心有阳光，心灵会盛开美丽的花朵在心园娇艳，步步清风起，心似莲花开。</p><p style=\"padding: 0px; margin-top: 0px; margin-bottom: 10px; border: 0px; font-size: 15px; color: rgb(51, 51, 51); line-height: 28px; font-family: Verdana, Arial, 微软雅黑, Helvetica, sans-serif, SimSun; white-space: normal; background-color: rgb(255, 255, 255);\">　　时光煮雨，岁月缝花。春花幽梦，流水清幽，一溪凝碧清幽远，涓涓吟唱岁月瑶，夏雨连绵诗意漫，朦胧飘渺罩琼亭。秋叶静美枫蝶舞，冬雪漫洒素蝶飞。</p><p style=\"padding: 0px; margin-top: 0px; margin-bottom: 10px; border: 0px; font-size: 15px; color: rgb(51, 51, 51); line-height: 28px; font-family: Verdana, Arial, 微软雅黑, Helvetica, sans-serif, SimSun; white-space: normal; background-color: rgb(255, 255, 255);\">　　时煮光雨，岁月缝花。静书流年的页签，在时光里留下淡淡的墨香，邂逅四季美景，静赏美景如画，文字在岁月的长廊轻吟浅唱......</p><p style=\"padding: 0px; margin-top: 0px; margin-bottom: 10px; border: 0px; font-size: 15px; color: rgb(51, 51, 51); line-height: 28px; font-family: Verdana, Arial, 微软雅黑, Helvetica, sans-serif, SimSun; white-space: normal; background-color: rgb(255, 255, 255);\">　　凌波仙子作</p><p><br/></p>', null, null, null);
INSERT INTO `jf_cms_content_ext` VALUES ('13', '复古,秀逗啊', '老爷车也称古典车，一般指二战前或更老的汽车。老爷车是一种怀旧的产物，是人们过去曾经使用的，现在仍可以工作的汽车。老爷车这一概念始于1973年，出现在英国的一本《名人与老爷车》的杂志上，尽管它的直译应该是“经典的古老汽车”，但由于“老爷车”这个词强烈的拟人色彩，因此很快得到老爷车爱好者的认同，并迅速蔓延，成为世界各地爱好者对老式汽车的统一称谓。', '<p style=\"margin-top: 0px; margin-bottom: 10px; padding: 0px; border: 0px; font-size: 18px; letter-spacing: 1px; line-height: 30px; font-family: &#39;Helvetica Neue&#39;, Helvetica, &#39;PingFang SC&#39;, &#39;Hiragino Sans GB&#39;, &#39;Microsoft YaHei&#39;, &#39;Noto Sans CJK SC&#39;, &#39;WenQuanYi Micro Hei&#39;, Arial, sans-serif; white-space: normal; background: rgb(255, 255, 255);\"><span style=\"color: rgb(51, 51, 51); font-family: Verdana, Arial, 微软雅黑, Helvetica, sans-serif, SimSun; font-size: 15px; line-height: 28px; background-color: rgb(255, 255, 255);\">文章引自：小清新（http://aladd.net/archives/32356.html）</span></p><p style=\"margin-top: 0px; margin-bottom: 10px; padding: 0px; border: 0px; font-size: 18px; letter-spacing: 1px; line-height: 30px; font-family: &#39;Helvetica Neue&#39;, Helvetica, &#39;PingFang SC&#39;, &#39;Hiragino Sans GB&#39;, &#39;Microsoft YaHei&#39;, &#39;Noto Sans CJK SC&#39;, &#39;WenQuanYi Micro Hei&#39;, Arial, sans-serif; white-space: normal; background: rgb(255, 255, 255);\"><strong><a href=\"http://aladd.net/archives/tag/%e8%80%81%e7%88%b7%e8%bd%a6\" style=\"color: rgb(85, 85, 78); text-decoration: none;\">老爷车</a></strong>也称古典车，一般指二战前或更老的<a href=\"http://aladd.net/archives/tag/%E6%B1%BD%E8%BD%A6%E5%9B%BE%E7%89%87\" style=\"color: rgb(85, 85, 78); text-decoration: none;\">汽车</a>。老爷车是一种怀旧的产物，是人们过去曾经使用的，现在仍可以工作的汽车。老爷车这一概念始于1973年，出现在英国的一本《名人与老爷车》的杂志上，尽管它的直译应该是“经典的古老汽车”，但由于“老爷车”这个词强烈的拟人色彩，因此很快得到老爷车爱好者的认同，并迅速蔓延，成为世界各地爱好者对老式汽车的统一称谓。</p><p><img src=\"http://localhost:9000/xiudoua-cms/ueditor/jsp/upload/image/20170823/1503498501875024970.jpg\" title=\"1503498501875024970.jpg\"/></p><p><img src=\"http://localhost:9000/xiudoua-cms/ueditor/jsp/upload/image/20170823/1503498501886022662.jpg\" title=\"1503498501886022662.jpg\"/></p><p><img src=\"http://localhost:9000/xiudoua-cms/ueditor/jsp/upload/image/20170823/1503498501906076802.jpg\" title=\"1503498501906076802.jpg\"/></p><p><img src=\"http://localhost:9000/xiudoua-cms/ueditor/jsp/upload/image/20170823/1503498501919072706.jpg\" title=\"1503498501919072706.jpg\"/></p><p><img src=\"http://localhost:9000/xiudoua-cms/ueditor/jsp/upload/image/20170823/1503498501911036770.jpg\" title=\"1503498501911036770.jpg\"/></p><p><img src=\"http://localhost:9000/xiudoua-cms/ueditor/jsp/upload/image/20170823/1503498501966008560.jpg\" title=\"1503498501966008560.jpg\"/></p><p><img src=\"http://localhost:9000/xiudoua-cms/ueditor/jsp/upload/image/20170823/1503498501973062569.jpg\" title=\"1503498501973062569.jpg\"/></p><p><img src=\"http://localhost:9000/xiudoua-cms/ueditor/jsp/upload/image/20170823/1503498501980030306.jpg\" title=\"1503498501980030306.jpg\"/></p><p style=\"margin-top: 0px; margin-bottom: 10px; padding: 0px; border: 0px; font-size: 18px; letter-spacing: 1px; line-height: 30px; font-family: &#39;Helvetica Neue&#39;, Helvetica, &#39;PingFang SC&#39;, &#39;Hiragino Sans GB&#39;, &#39;Microsoft YaHei&#39;, &#39;Noto Sans CJK SC&#39;, &#39;WenQuanYi Micro Hei&#39;, Arial, sans-serif; white-space: normal; background: rgb(255, 255, 255);\"><br/></p>', null, null, null);
INSERT INTO `jf_cms_content_ext` VALUES ('14', '养生,瑜伽,秀逗啊', '瑜伽（英文：Yoga，印地语：योग）是一个汉语词汇，最早是从印度梵语“yug”或“yuj”而来，其含意为“一致”、“结合”或“和谐”。瑜伽源于古印度，是古印度六大哲学派别中的一系，探寻“梵我合一”的道理与方法。而现代人所称的瑜伽运动则是主要是一系列的修身养心方法。', '<p><span style=\"color: rgb(51, 51, 51); font-family: Verdana, Arial, 微软雅黑, Helvetica, sans-serif, SimSun; font-size: 15px; letter-spacing: 1px; line-height: 28px; background-color: rgb(255, 255, 255);\">文章引自：小清新（http://aladd.net/archives/32310.html）</span></p><p><strong style=\"font-family: &#39;Helvetica Neue&#39;, Helvetica, &#39;PingFang SC&#39;, &#39;Hiragino Sans GB&#39;, &#39;Microsoft YaHei&#39;, &#39;Noto Sans CJK SC&#39;, &#39;WenQuanYi Micro Hei&#39;, Arial, sans-serif; font-size: 18px; letter-spacing: 1px; line-height: 30px; white-space: normal; background-color: rgb(255, 255, 255);\">瑜伽</strong><span style=\"font-family: &#39;Helvetica Neue&#39;, Helvetica, &#39;PingFang SC&#39;, &#39;Hiragino Sans GB&#39;, &#39;Microsoft YaHei&#39;, &#39;Noto Sans CJK SC&#39;, &#39;WenQuanYi Micro Hei&#39;, Arial, sans-serif; font-size: 18px; letter-spacing: 1px; line-height: 30px; background-color: rgb(255, 255, 255);\">（英文：Yoga，印地语：योग）是一个汉语词汇，最早是从印度梵语“yug”或“yuj”而来，其含意为“一致”、“结合”或“和谐”。瑜伽源于古印度，是古印度六大哲学派别中的一系，探寻“梵我合一”的道理与方法。而现代人所称的瑜伽</span><a href=\"http://aladd.net/archives/tag/%E8%BF%90%E5%8A%A8%E5%9B%BE%E7%89%87\" style=\"color: rgb(85, 85, 78); text-decoration: none; font-family: &#39;Helvetica Neue&#39;, Helvetica, &#39;PingFang SC&#39;, &#39;Hiragino Sans GB&#39;, &#39;Microsoft YaHei&#39;, &#39;Noto Sans CJK SC&#39;, &#39;WenQuanYi Micro Hei&#39;, Arial, sans-serif; font-size: 18px; letter-spacing: 1px; line-height: 30px; white-space: normal; background-color: rgb(255, 255, 255);\">运动</a><span style=\"font-family: &#39;Helvetica Neue&#39;, Helvetica, &#39;PingFang SC&#39;, &#39;Hiragino Sans GB&#39;, &#39;Microsoft YaHei&#39;, &#39;Noto Sans CJK SC&#39;, &#39;WenQuanYi Micro Hei&#39;, Arial, sans-serif; font-size: 18px; letter-spacing: 1px; line-height: 30px; background-color: rgb(255, 255, 255);\">则是主要是一系列的修身养心方法。</span></p><p><span style=\"font-family: &#39;Helvetica Neue&#39;, Helvetica, &#39;PingFang SC&#39;, &#39;Hiragino Sans GB&#39;, &#39;Microsoft YaHei&#39;, &#39;Noto Sans CJK SC&#39;, &#39;WenQuanYi Micro Hei&#39;, Arial, sans-serif; font-size: 18px; letter-spacing: 1px; line-height: 30px; background-color: rgb(255, 255, 255);\"></span></p><p><img src=\"http://localhost:9000/xiudoua-cms/ueditor/jsp/upload/image/20170823/1503498843286055691.jpg\" title=\"1503498843286055691.jpg\"/></p><p><img src=\"http://localhost:9000/xiudoua-cms/ueditor/jsp/upload/image/20170823/1503498843306016992.jpg\" title=\"1503498843306016992.jpg\"/></p><p><img src=\"http://localhost:9000/xiudoua-cms/ueditor/jsp/upload/image/20170823/1503498843318006151.jpg\" title=\"1503498843318006151.jpg\"/></p><p><img src=\"http://localhost:9000/xiudoua-cms/ueditor/jsp/upload/image/20170823/1503498843333044126.jpg\" title=\"1503498843333044126.jpg\"/></p><p><img src=\"http://localhost:9000/xiudoua-cms/ueditor/jsp/upload/image/20170823/1503498843339066121.jpg\" title=\"1503498843339066121.jpg\"/></p><p><img src=\"http://localhost:9000/xiudoua-cms/ueditor/jsp/upload/image/20170823/1503498843353055155.jpg\" title=\"1503498843353055155.jpg\"/></p><p><img src=\"http://localhost:9000/xiudoua-cms/ueditor/jsp/upload/image/20170823/1503498843348037694.jpg\" title=\"1503498843348037694.jpg\"/></p><p><img src=\"http://localhost:9000/xiudoua-cms/ueditor/jsp/upload/image/20170823/1503498843395016105.jpg\" title=\"1503498843395016105.jpg\"/></p><p><span style=\"font-family: &#39;Helvetica Neue&#39;, Helvetica, &#39;PingFang SC&#39;, &#39;Hiragino Sans GB&#39;, &#39;Microsoft YaHei&#39;, &#39;Noto Sans CJK SC&#39;, &#39;WenQuanYi Micro Hei&#39;, Arial, sans-serif; font-size: 18px; letter-spacing: 1px; line-height: 30px; background-color: rgb(255, 255, 255);\"><br/></span><br/></p>', null, null, null);
INSERT INTO `jf_cms_content_ext` VALUES ('15', '铅笔,秀逗啊', '彩色铅笔是一种非常容易掌握的涂色工具，画出来的效果以及长相都类似于铅笔。颜色多种多样，画出来效果较淡，清新简单，大多便于被橡皮擦去。是用经过专业挑选的，具有高吸附显色性的高级微粒颜料制成。', '<p><span style=\"color: rgb(51, 51, 51); font-family: Verdana, Arial, 微软雅黑, Helvetica, sans-serif, SimSun; font-size: 15px; letter-spacing: 1px; line-height: 28px; background-color: rgb(255, 255, 255);\">文章引自：小清新（http://aladd.net/archives/32307.html）</span></p><p><a href=\"http://aladd.net/archives/23016.html\" style=\"color: rgb(85, 85, 78); text-decoration: none; font-family: &#39;Helvetica Neue&#39;, Helvetica, &#39;PingFang SC&#39;, &#39;Hiragino Sans GB&#39;, &#39;Microsoft YaHei&#39;, &#39;Noto Sans CJK SC&#39;, &#39;WenQuanYi Micro Hei&#39;, Arial, sans-serif; font-size: 18px; letter-spacing: 1px; line-height: 30px; white-space: normal; background-color: rgb(255, 255, 255);\">彩色铅笔</a><span style=\"font-family: &#39;Helvetica Neue&#39;, Helvetica, &#39;PingFang SC&#39;, &#39;Hiragino Sans GB&#39;, &#39;Microsoft YaHei&#39;, &#39;Noto Sans CJK SC&#39;, &#39;WenQuanYi Micro Hei&#39;, Arial, sans-serif; font-size: 18px; letter-spacing: 1px; line-height: 30px; background-color: rgb(255, 255, 255);\">是一种非常容易掌握的涂色工具，画出来的效果以及长相都类似于</span><a href=\"http://aladd.net/archives/26447.html\" style=\"color: rgb(85, 85, 78); text-decoration: none; font-family: &#39;Helvetica Neue&#39;, Helvetica, &#39;PingFang SC&#39;, &#39;Hiragino Sans GB&#39;, &#39;Microsoft YaHei&#39;, &#39;Noto Sans CJK SC&#39;, &#39;WenQuanYi Micro Hei&#39;, Arial, sans-serif; font-size: 18px; letter-spacing: 1px; line-height: 30px; white-space: normal; background-color: rgb(255, 255, 255);\">铅笔</a><span style=\"font-family: &#39;Helvetica Neue&#39;, Helvetica, &#39;PingFang SC&#39;, &#39;Hiragino Sans GB&#39;, &#39;Microsoft YaHei&#39;, &#39;Noto Sans CJK SC&#39;, &#39;WenQuanYi Micro Hei&#39;, Arial, sans-serif; font-size: 18px; letter-spacing: 1px; line-height: 30px; background-color: rgb(255, 255, 255);\">。颜色多种多样，画出来效果较淡，清新简单，大多便于被橡皮擦去。是用经过专业挑选的，具有高吸附显色性的高级微粒颜料制成。</span></p><p><span style=\"font-family: &#39;Helvetica Neue&#39;, Helvetica, &#39;PingFang SC&#39;, &#39;Hiragino Sans GB&#39;, &#39;Microsoft YaHei&#39;, &#39;Noto Sans CJK SC&#39;, &#39;WenQuanYi Micro Hei&#39;, Arial, sans-serif; font-size: 18px; letter-spacing: 1px; line-height: 30px; background-color: rgb(255, 255, 255);\"></span></p><p><img src=\"http://localhost:9000/xiudoua-cms/ueditor/jsp/upload/image/20170823/1503499048296063473.jpg\" title=\"1503499048296063473.jpg\"/></p><p><img src=\"http://localhost:9000/xiudoua-cms/ueditor/jsp/upload/image/20170823/1503499048305049241.jpg\" title=\"1503499048305049241.jpg\"/></p><p><img src=\"http://localhost:9000/xiudoua-cms/ueditor/jsp/upload/image/20170823/1503499048318092925.jpg\" title=\"1503499048318092925.jpg\"/></p><p><img src=\"http://localhost:9000/xiudoua-cms/ueditor/jsp/upload/image/20170823/1503499048331030758.jpg\" title=\"1503499048331030758.jpg\"/></p><p><img src=\"http://localhost:9000/xiudoua-cms/ueditor/jsp/upload/image/20170823/1503499048338040569.jpg\" title=\"1503499048338040569.jpg\"/></p><p><img src=\"http://localhost:9000/xiudoua-cms/ueditor/jsp/upload/image/20170823/1503499048346056299.jpg\" title=\"1503499048346056299.jpg\"/></p><p><img src=\"http://localhost:9000/xiudoua-cms/ueditor/jsp/upload/image/20170823/1503499048351046728.jpg\" title=\"1503499048351046728.jpg\"/></p><p><img src=\"http://localhost:9000/xiudoua-cms/ueditor/jsp/upload/image/20170823/1503499048370062539.jpg\" title=\"1503499048370062539.jpg\"/></p><p><span style=\"font-family: &#39;Helvetica Neue&#39;, Helvetica, &#39;PingFang SC&#39;, &#39;Hiragino Sans GB&#39;, &#39;Microsoft YaHei&#39;, &#39;Noto Sans CJK SC&#39;, &#39;WenQuanYi Micro Hei&#39;, Arial, sans-serif; font-size: 18px; letter-spacing: 1px; line-height: 30px; background-color: rgb(255, 255, 255);\"><br/></span><br/></p>', null, null, null);
INSERT INTO `jf_cms_content_ext` VALUES ('16', '阅读,小清新', '读书是通往梦想的一个途径，读一本好书，让我们得以明净如水，开阔视野，丰富阅历，益于人生。', '<p><span style=\"color: rgb(51, 51, 51); font-family: Verdana, Arial, 微软雅黑, Helvetica, sans-serif, SimSun; font-size: 15px; letter-spacing: 1px; line-height: 28px; background-color: rgb(255, 255, 255);\">文章引自：小清新（http://aladd.net/archives/32210.html）</span></p><p><strong style=\"font-family: &#39;Helvetica Neue&#39;, Helvetica, &#39;PingFang SC&#39;, &#39;Hiragino Sans GB&#39;, &#39;Microsoft YaHei&#39;, &#39;Noto Sans CJK SC&#39;, &#39;WenQuanYi Micro Hei&#39;, Arial, sans-serif; font-size: 18px; letter-spacing: 1px; line-height: 30px; white-space: normal; background-color: rgb(255, 255, 255);\"><a href=\"http://aladd.net/archives/22327.html\" style=\"color: rgb(85, 85, 78); text-decoration: none;\">读书</a></strong><span style=\"font-family: &#39;Helvetica Neue&#39;, Helvetica, &#39;PingFang SC&#39;, &#39;Hiragino Sans GB&#39;, &#39;Microsoft YaHei&#39;, &#39;Noto Sans CJK SC&#39;, &#39;WenQuanYi Micro Hei&#39;, Arial, sans-serif; font-size: 18px; letter-spacing: 1px; line-height: 30px; background-color: rgb(255, 255, 255);\">是通往梦想的一个途径，读一本好</span><a href=\"http://aladd.net/archives/tag/%E4%B9%A6\" style=\"color: rgb(85, 85, 78); text-decoration: none; font-family: &#39;Helvetica Neue&#39;, Helvetica, &#39;PingFang SC&#39;, &#39;Hiragino Sans GB&#39;, &#39;Microsoft YaHei&#39;, &#39;Noto Sans CJK SC&#39;, &#39;WenQuanYi Micro Hei&#39;, Arial, sans-serif; font-size: 18px; letter-spacing: 1px; line-height: 30px; white-space: normal; background-color: rgb(255, 255, 255);\">书</a><span style=\"font-family: &#39;Helvetica Neue&#39;, Helvetica, &#39;PingFang SC&#39;, &#39;Hiragino Sans GB&#39;, &#39;Microsoft YaHei&#39;, &#39;Noto Sans CJK SC&#39;, &#39;WenQuanYi Micro Hei&#39;, Arial, sans-serif; font-size: 18px; letter-spacing: 1px; line-height: 30px; background-color: rgb(255, 255, 255);\">，让我们得以明净如水，开阔视野，丰富阅历，益于人生。</span></p><p><span style=\"font-family: &#39;Helvetica Neue&#39;, Helvetica, &#39;PingFang SC&#39;, &#39;Hiragino Sans GB&#39;, &#39;Microsoft YaHei&#39;, &#39;Noto Sans CJK SC&#39;, &#39;WenQuanYi Micro Hei&#39;, Arial, sans-serif; font-size: 18px; letter-spacing: 1px; line-height: 30px; background-color: rgb(255, 255, 255);\"></span></p><p><img src=\"http://localhost:9000/xiudoua-cms/ueditor/jsp/upload/image/20170823/1503499714949061866.jpg\" title=\"1503499714949061866.jpg\"/></p><p><img src=\"http://localhost:9000/xiudoua-cms/ueditor/jsp/upload/image/20170823/1503499714966009773.jpg\" title=\"1503499714966009773.jpg\"/></p><p><img src=\"http://localhost:9000/xiudoua-cms/ueditor/jsp/upload/image/20170823/1503499714982034790.jpg\" title=\"1503499714982034790.jpg\"/></p><p><img src=\"http://localhost:9000/xiudoua-cms/ueditor/jsp/upload/image/20170823/1503499714984084257.jpg\" title=\"1503499714984084257.jpg\"/></p><p><img src=\"http://localhost:9000/xiudoua-cms/ueditor/jsp/upload/image/20170823/1503499714993088469.jpg\" title=\"1503499714993088469.jpg\"/></p><p><img src=\"http://localhost:9000/xiudoua-cms/ueditor/jsp/upload/image/20170823/1503499715010055546.jpg\" title=\"1503499715010055546.jpg\"/></p><p><img src=\"http://localhost:9000/xiudoua-cms/ueditor/jsp/upload/image/20170823/1503499715016029123.jpg\" title=\"1503499715016029123.jpg\"/></p><p><img src=\"http://localhost:9000/xiudoua-cms/ueditor/jsp/upload/image/20170823/1503499715023048820.jpg\" title=\"1503499715023048820.jpg\"/></p><p><span style=\"font-family: &#39;Helvetica Neue&#39;, Helvetica, &#39;PingFang SC&#39;, &#39;Hiragino Sans GB&#39;, &#39;Microsoft YaHei&#39;, &#39;Noto Sans CJK SC&#39;, &#39;WenQuanYi Micro Hei&#39;, Arial, sans-serif; font-size: 18px; letter-spacing: 1px; line-height: 30px; background-color: rgb(255, 255, 255);\"><br/></span><br/></p>', null, null, null);
INSERT INTO `jf_cms_content_ext` VALUES ('17', '街景', '美丽与梦幻的结合，学好长曝光，从此夜晚城市街拍再也不怕了。流光溢彩，车水马龙，意境感很棒的。', '<p><span style=\"font-family: &#39;Helvetica Neue&#39;, Helvetica, &#39;PingFang SC&#39;, &#39;Hiragino Sans GB&#39;, &#39;Microsoft YaHei&#39;, &#39;Noto Sans CJK SC&#39;, &#39;WenQuanYi Micro Hei&#39;, Arial, sans-serif; font-size: 18px; letter-spacing: 1px; line-height: 30px; background-color: rgb(255, 255, 255);\"><span style=\"color: rgb(51, 51, 51); font-family: Verdana, Arial, 微软雅黑, Helvetica, sans-serif, SimSun; font-size: 15px; letter-spacing: 1px; line-height: 28px; background-color: rgb(255, 255, 255);\">文章引自：小清新（http://aladd.net/archives/32169.html）</span></span></p><p><span style=\"font-family: &#39;Helvetica Neue&#39;, Helvetica, &#39;PingFang SC&#39;, &#39;Hiragino Sans GB&#39;, &#39;Microsoft YaHei&#39;, &#39;Noto Sans CJK SC&#39;, &#39;WenQuanYi Micro Hei&#39;, Arial, sans-serif; font-size: 18px; letter-spacing: 1px; line-height: 30px; background-color: rgb(255, 255, 255);\">美丽与梦幻的结合，学好</span><strong style=\"font-family: &#39;Helvetica Neue&#39;, Helvetica, &#39;PingFang SC&#39;, &#39;Hiragino Sans GB&#39;, &#39;Microsoft YaHei&#39;, &#39;Noto Sans CJK SC&#39;, &#39;WenQuanYi Micro Hei&#39;, Arial, sans-serif; font-size: 18px; letter-spacing: 1px; line-height: 30px; white-space: normal; background-color: rgb(255, 255, 255);\"><a href=\"http://aladd.net/archives/tag/%E9%95%BF%E6%9B%9D%E5%85%89\" style=\"color: rgb(85, 85, 78); text-decoration: none;\">长曝光</a></strong><span style=\"font-family: &#39;Helvetica Neue&#39;, Helvetica, &#39;PingFang SC&#39;, &#39;Hiragino Sans GB&#39;, &#39;Microsoft YaHei&#39;, &#39;Noto Sans CJK SC&#39;, &#39;WenQuanYi Micro Hei&#39;, Arial, sans-serif; font-size: 18px; letter-spacing: 1px; line-height: 30px; background-color: rgb(255, 255, 255);\">，从此夜晚</span><a href=\"http://aladd.net/archives/21111.html\" style=\"color: rgb(85, 85, 78); text-decoration: none; font-family: &#39;Helvetica Neue&#39;, Helvetica, &#39;PingFang SC&#39;, &#39;Hiragino Sans GB&#39;, &#39;Microsoft YaHei&#39;, &#39;Noto Sans CJK SC&#39;, &#39;WenQuanYi Micro Hei&#39;, Arial, sans-serif; font-size: 18px; letter-spacing: 1px; line-height: 30px; white-space: normal; background-color: rgb(255, 255, 255);\">城市</a><span style=\"font-family: &#39;Helvetica Neue&#39;, Helvetica, &#39;PingFang SC&#39;, &#39;Hiragino Sans GB&#39;, &#39;Microsoft YaHei&#39;, &#39;Noto Sans CJK SC&#39;, &#39;WenQuanYi Micro Hei&#39;, Arial, sans-serif; font-size: 18px; letter-spacing: 1px; line-height: 30px; background-color: rgb(255, 255, 255);\">街拍再也不怕了。流光溢彩，车水马龙，意境感很棒的。</span></p><p><span style=\"font-family: &#39;Helvetica Neue&#39;, Helvetica, &#39;PingFang SC&#39;, &#39;Hiragino Sans GB&#39;, &#39;Microsoft YaHei&#39;, &#39;Noto Sans CJK SC&#39;, &#39;WenQuanYi Micro Hei&#39;, Arial, sans-serif; font-size: 18px; letter-spacing: 1px; line-height: 30px; background-color: rgb(255, 255, 255);\"></span></p><p><img src=\"http://localhost:9000/xiudoua-cms/ueditor/jsp/upload/image/20170823/1503499816170029278.jpg\" title=\"1503499816170029278.jpg\"/></p><p><img src=\"http://localhost:9000/xiudoua-cms/ueditor/jsp/upload/image/20170823/1503499816184082513.jpg\" title=\"1503499816184082513.jpg\"/></p><p><img src=\"http://localhost:9000/xiudoua-cms/ueditor/jsp/upload/image/20170823/1503499816199036122.jpg\" title=\"1503499816199036122.jpg\"/></p><p><img src=\"http://localhost:9000/xiudoua-cms/ueditor/jsp/upload/image/20170823/1503499816204077489.jpg\" title=\"1503499816204077489.jpg\"/></p><p><img src=\"http://localhost:9000/xiudoua-cms/ueditor/jsp/upload/image/20170823/1503499816213082758.jpg\" title=\"1503499816213082758.jpg\"/></p><p><img src=\"http://localhost:9000/xiudoua-cms/ueditor/jsp/upload/image/20170823/1503499816224065629.jpg\" title=\"1503499816224065629.jpg\"/></p><p><img src=\"http://localhost:9000/xiudoua-cms/ueditor/jsp/upload/image/20170823/1503499816231021861.jpg\" title=\"1503499816231021861.jpg\"/></p><p><img src=\"http://localhost:9000/xiudoua-cms/ueditor/jsp/upload/image/20170823/1503499816240012879.jpg\" title=\"1503499816240012879.jpg\"/></p><p><span style=\"font-family: &#39;Helvetica Neue&#39;, Helvetica, &#39;PingFang SC&#39;, &#39;Hiragino Sans GB&#39;, &#39;Microsoft YaHei&#39;, &#39;Noto Sans CJK SC&#39;, &#39;WenQuanYi Micro Hei&#39;, Arial, sans-serif; font-size: 18px; letter-spacing: 1px; line-height: 30px; background-color: rgb(255, 255, 255);\"><br/></span><br/></p>', null, null, null);
INSERT INTO `jf_cms_content_ext` VALUES ('18', '扎心了,秀逗啊,电影', '对于电影台词的截图，我想说的是，那或许就是你的内心吧。', '<p><span style=\"color: rgb(51, 51, 51); font-family: Verdana, Arial, 微软雅黑, Helvetica, sans-serif, SimSun; font-size: 15px; letter-spacing: 1px; line-height: 28px; background-color: rgb(255, 255, 255);\">文章引自：小清新（http://aladd.net/archives/31049.html）</span></p><p>对于电影台词的截图，我想说的是，那或许就是你的内心吧。</p><p><img src=\"http://localhost:9000/xiudoua-cms/ueditor/jsp/upload/image/20170823/1503500251681006558.jpg\" title=\"1503500251681006558.jpg\"/></p><p><img src=\"http://localhost:9000/xiudoua-cms/ueditor/jsp/upload/image/20170823/1503500251701026393.jpg\" title=\"1503500251701026393.jpg\"/></p><p><img src=\"http://localhost:9000/xiudoua-cms/ueditor/jsp/upload/image/20170823/1503500251715085814.jpg\" title=\"1503500251715085814.jpg\"/></p><p><img src=\"http://localhost:9000/xiudoua-cms/ueditor/jsp/upload/image/20170823/1503500251722051256.jpg\" title=\"1503500251722051256.jpg\"/></p><p><img src=\"http://localhost:9000/xiudoua-cms/ueditor/jsp/upload/image/20170823/1503500251729036273.jpg\" title=\"1503500251729036273.jpg\"/></p><p><img src=\"http://localhost:9000/xiudoua-cms/ueditor/jsp/upload/image/20170823/1503500251734070240.jpg\" title=\"1503500251734070240.jpg\"/></p><p><img src=\"http://localhost:9000/xiudoua-cms/ueditor/jsp/upload/image/20170823/1503500251745093957.jpg\" title=\"1503500251745093957.jpg\"/></p><p><img src=\"http://localhost:9000/xiudoua-cms/ueditor/jsp/upload/image/20170823/1503500251752035166.jpg\" title=\"1503500251752035166.jpg\"/></p><p><br/></p>', null, null, null);
INSERT INTO `jf_cms_content_ext` VALUES ('19', '秀逗啊,JustFresh', '介绍关于秀逗啊网站的作用', '<p><img src=\"http://localhost:9000/xiudoua-cms/ueditor/jsp/upload/image/20170824/1503572683459091606.jpg\" title=\"1503572683459091606.jpg\" alt=\"default-video.jpg\"/></p>', null, null, null);
INSERT INTO `jf_cms_content_ext` VALUES ('20', '秀逗啊,JustFresh', '前端实现', '<p>《教程》秀逗啊网站纯前端首页实现</p>', null, null, null);
INSERT INTO `jf_cms_content_ext` VALUES ('21', '秀逗啊,JustFresh', '列表页，详情页', '<p><img src=\"http://localhost:9000/xiudoua-cms/ueditor/jsp/upload/image/20170824/1503572667412028964.jpg\" title=\"1503572667412028964.jpg\" alt=\"default-video.jpg\"/></p>', null, null, null);
INSERT INTO `jf_cms_content_ext` VALUES ('22', '秀逗啊,JustFresh', '前端实现', '<p><img src=\"http://localhost:9000/xiudoua-cms/ueditor/jsp/upload/image/20170824/1503572646844051339.jpg\" title=\"1503572646844051339.jpg\" alt=\"default-video.jpg\"/></p>', null, null, null);
INSERT INTO `jf_cms_content_ext` VALUES ('23', '秀逗啊,JustFresh', '前端实现', '<p><img src=\"http://localhost:9000/xiudoua-cms/ueditor/jsp/upload/image/20170824/1503572632017006454.jpg\" title=\"1503572632017006454.jpg\" alt=\"default-video.jpg\"/></p>', null, null, null);
INSERT INTO `jf_cms_content_ext` VALUES ('24', '秀逗啊,JustFresh', '前端实现', '<p><img src=\"http://localhost:9000/xiudoua-cms/ueditor/jsp/upload/image/20170824/1503572613783072578.jpg\" title=\"1503572613783072578.jpg\" alt=\"default-video.jpg\"/></p>', null, null, null);
INSERT INTO `jf_cms_content_ext` VALUES ('25', '搞笑,秀逗啊', '非高清，以后网站完善会逐渐处理这个版块，望谅解！', '<p><video class=\"edui-upload-video  vjs-default-skin  video-js\" controls=\"\" preload=\"none\" width=\"420\" height=\"280\"><source src type=\"video/\"/></video></p>', null, null, null);
INSERT INTO `jf_cms_content_ext` VALUES ('26', '搞笑,秀逗啊', '非高清，以后网站完善会逐渐处理这个版块，望谅解！', '<p><video class=\"edui-upload-video  vjs-default-skin video-js\" controls=\"\" preload=\"none\" width=\"420\" height=\"280\"><source src=\"http://localhost:9000/xiudoua-cms/ueditor/jsp/upload/video/20170824/1503572200808085082.mp4\" type=\"video/mp4\"/></video></p>', null, null, null);
INSERT INTO `jf_cms_content_ext` VALUES ('27', '搞笑,秀逗啊', '非高清，以后网站完善会逐渐处理这个版块，望谅解！', '<p><video class=\"edui-upload-video  vjs-default-skin video-js\" controls=\"\" preload=\"none\" width=\"420\" height=\"280\" src=\"/ueditor/jsp/upload/video/20170823/1503503870874086890.mp4\" data-setup=\"{}\"></video></p>', null, null, null);
INSERT INTO `jf_cms_content_ext` VALUES ('28', '搞笑,秀逗啊', '非高清，以后网站完善会逐渐处理这个版块，望谅解！', '<p><video class=\"edui-upload-video  vjs-default-skin video-js\" controls=\"\" preload=\"none\" width=\"420\" height=\"280\" src=\"/ueditor/jsp/upload/video/20170823/1503503942245096664.mp4\" data-setup=\"{}\"></video></p>', null, null, null);
INSERT INTO `jf_cms_content_ext` VALUES ('29', '搞笑,秀逗啊', '非高清，以后网站完善会逐渐处理这个版块，望谅解！', '<p><video class=\"edui-upload-video  vjs-default-skin video-js\" controls=\"\" preload=\"none\" width=\"420\" height=\"280\" src=\"/ueditor/jsp/upload/video/20170824/1503504094265078714.mp4\" data-setup=\"{}\"></video></p>', null, null, null);
INSERT INTO `jf_cms_content_ext` VALUES ('30', '搞笑,秀逗啊', '非高清，以后网站完善会逐渐处理这个版块，望谅解！', '<p><video class=\"edui-upload-video  vjs-default-skin video-js\" controls=\"\" preload=\"none\" width=\"420\" height=\"280\" src=\"/ueditor/jsp/upload/video/20170824/1503504234527058791.mp4\" data-setup=\"{}\"></video></p>', null, null, null);
INSERT INTO `jf_cms_content_ext` VALUES ('31', '六盘水,旅游,秀逗啊', '半方塘2天1夜休闲游\r\n炎炎夏日，烈日酷暑。“热情”好像永远都是夏天的别称，而节节攀升的气温仿佛正在不断暗示着炎热悄然而至。我们，是不是也该寻找一处心仪的避暑之地呢？\r\n来吧！天虹旅行社带你在这个夏天，沉迷在米箩的风景中，游走在巴朗河畔，邀上三五好友，携同家人孩子，摒弃城市的烦躁，彻底忘情于半方塘吧！', '<p class=\"\" style=\"margin-top: 15px; margin-bottom: 0px; padding: 0px; color: rgb(51, 51, 51); font-family: &#39;microsoft yahei&#39;; font-size: 14px; line-height: 30px; white-space: normal; max-width: 100%; text-indent: 2em; box-sizing: border-box !important; overflow-wrap: break-word !important; background-color: rgb(255, 255, 255);\">文章引自：（http://www.gzlps.gov.cn/cy/lyxd/yzld_35489/tjlyxl/201708/t20170808_1469055.html）</p><p class=\"\" style=\"margin-top: 15px; margin-bottom: 0px; padding: 0px; color: rgb(51, 51, 51); font-family: &#39;microsoft yahei&#39;; font-size: 14px; line-height: 30px; white-space: normal; max-width: 100%; text-indent: 2em; box-sizing: border-box !important; overflow-wrap: break-word !important; background-color: rgb(255, 255, 255);\">半方塘2天1夜休闲游</p><p style=\"margin-top: 15px; margin-bottom: 0px; padding: 0px; color: rgb(51, 51, 51); font-family: &#39;microsoft yahei&#39;; font-size: 14px; white-space: normal; max-width: 100%; box-sizing: border-box; line-height: 2em; text-indent: 2em; overflow-wrap: break-word !important; background-color: rgb(255, 255, 255);\">炎炎夏日，烈日酷暑。“热情”好像永远都是夏天的别称，而节节攀升的气温仿佛正在不断暗示着炎热悄然而至。我们，是不是也该寻找一处心仪的避暑之地呢？</p><p style=\"margin-top: 15px; margin-bottom: 0px; padding: 0px; color: rgb(51, 51, 51); font-family: &#39;microsoft yahei&#39;; font-size: 14px; white-space: normal; max-width: 100%; box-sizing: border-box; line-height: 2em; text-indent: 2em; overflow-wrap: break-word !important; background-color: rgb(255, 255, 255);\">来吧！天虹旅行社带你在这个夏天，沉迷在米箩的风景中，游走在巴朗河畔，邀上三五好友，携同家人孩子，摒弃城市的烦躁，彻底忘情于半方塘吧！</p><p style=\"text-align: center;\"><img src=\"http://localhost:9000/xiudoua-cms/ueditor/jsp/upload/image/20170824/1503569916752091136.jpg\" title=\"1503569916752091136.jpg\"/></p><p style=\"text-align: center;\"><img src=\"http://localhost:9000/xiudoua-cms/ueditor/jsp/upload/image/20170824/1503569916733036085.jpg\" title=\"1503569916733036085.jpg\"/></p><p style=\"text-align: center;\"><img src=\"http://localhost:9000/xiudoua-cms/ueditor/jsp/upload/image/20170824/1503569916742003764.jpg\" title=\"1503569916742003764.jpg\"/></p><p style=\"text-align: center;\"><img src=\"http://localhost:9000/xiudoua-cms/ueditor/jsp/upload/image/20170824/1503569932927011721.jpg\" title=\"1503569932927011721.jpg\" alt=\"W020170808523466015287.jpg\"/></p><p style=\"margin-top: 15px; margin-bottom: 0px; padding: 0px; color: rgb(51, 51, 51); font-family: &#39;microsoft yahei&#39;; font-size: 14px; white-space: normal; max-width: 100%; box-sizing: border-box; text-align: center; line-height: 2em; text-indent: 2em; overflow-wrap: break-word !important; background-color: rgb(255, 255, 255);\">米箩景区·姚咏</p><p style=\"margin-top: 15px; margin-bottom: 0px; padding: 0px; color: rgb(51, 51, 51); font-family: &#39;microsoft yahei&#39;; font-size: 14px; white-space: normal; max-width: 100%; box-sizing: border-box; line-height: 2em; text-indent: 2em; overflow-wrap: break-word !important; background-color: rgb(255, 255, 255);\">在这里，你可以暂时忘记自己的身份，穿梭在传统吊脚楼风格的建筑中，用心从每一个细节处进行探寻，彻底感受“慢生活”的惬意。</p><p style=\"margin-top: 15px; margin-bottom: 0px; padding: 0px; color: rgb(51, 51, 51); font-family: &#39;microsoft yahei&#39;; font-size: 14px; line-height: 30px; white-space: normal; text-indent: 2em; background-color: rgb(255, 255, 255);\">有动有静，方有乐趣，动静总相宜。如果布依族的“慢生活”能让你从紧张繁忙中解脱出来，那么水上乐园及水上拓展则是能够让你释放自我、激情嗨翻的娱乐项目。半方塘的水上乐园游乐设备自然不用多说，放眼望去，尽是各种惊险刺激项目应有尽有；而拓展项目则涵盖了各种锻炼、亲子、团体等各个方面。享受了“慢生活”之后，就让我们动起来嗨起来吧！</p><p style=\"text-align: center;\"><img src=\"http://localhost:9000/xiudoua-cms/ueditor/jsp/upload/image/20170824/1503569990996017725.jpg\" title=\"1503569990996017725.jpg\"/></p><p style=\"text-align: center;\"><img src=\"http://localhost:9000/xiudoua-cms/ueditor/jsp/upload/image/20170824/1503569991011029216.jpg\" title=\"1503569991011029216.jpg\"/></p><p style=\"text-align: center;\"><img src=\"http://localhost:9000/xiudoua-cms/ueditor/jsp/upload/image/20170824/1503569991022045620.jpg\" title=\"1503569991022045620.jpg\"/></p><p style=\"text-align: center;\"><img src=\"http://localhost:9000/xiudoua-cms/ueditor/jsp/upload/image/20170824/1503569991027046410.jpg\" title=\"1503569991027046410.jpg\"/></p><p style=\"text-align: center;\"><img src=\"http://localhost:9000/xiudoua-cms/ueditor/jsp/upload/image/20170824/1503569991039018402.jpg\" title=\"1503569991039018402.jpg\"/></p><p style=\"margin-top: 15px; margin-bottom: 0px; padding: 0px; color: rgb(51, 51, 51); font-family: &#39;microsoft yahei&#39;; font-size: 14px; line-height: 30px; white-space: normal; text-indent: 2em; text-align: center; background-color: rgb(255, 255, 255);\">半方塘水上乐园·姚咏</p><p style=\"margin-top: 15px; margin-bottom: 0px; padding: 0px; color: rgb(51, 51, 51); font-family: &#39;microsoft yahei&#39;; font-size: 14px; white-space: normal; max-width: 100%; box-sizing: border-box; line-height: 1.75em; text-indent: 2em; overflow-wrap: break-word !important; background-color: rgb(255, 255, 255);\">第一天早上10：00准时在六盘水凉都大剧院集合出发前往半方塘水上乐园，车程约50分钟</p><p style=\"margin-top: 15px; margin-bottom: 0px; padding: 0px; color: rgb(51, 51, 51); font-family: &#39;microsoft yahei&#39;; font-size: 14px; white-space: normal; max-width: 100%; box-sizing: border-box; line-height: 1.75em; text-indent: 2em; overflow-wrap: break-word !important; background-color: rgb(255, 255, 255);\">10：50到达半方塘</p><p style=\"margin-top: 15px; margin-bottom: 0px; padding: 0px; color: rgb(51, 51, 51); font-family: &#39;microsoft yahei&#39;; font-size: 14px; white-space: normal; max-width: 100%; box-sizing: border-box; line-height: 1.75em; text-indent: 2em; overflow-wrap: break-word !important; background-color: rgb(255, 255, 255);\">11：00游览半方塘景区，游览时间1小时</p><p style=\"margin-top: 15px; margin-bottom: 0px; padding: 0px; color: rgb(51, 51, 51); font-family: &#39;microsoft yahei&#39;; font-size: 14px; white-space: normal; max-width: 100%; box-sizing: border-box; line-height: 1.75em; text-indent: 2em; overflow-wrap: break-word !important; background-color: rgb(255, 255, 255);\">12：00中餐</p><p style=\"margin-top: 15px; margin-bottom: 0px; padding: 0px; color: rgb(51, 51, 51); font-family: &#39;microsoft yahei&#39;; font-size: 14px; white-space: normal; max-width: 100%; box-sizing: border-box; line-height: 1.75em; text-indent: 2em; overflow-wrap: break-word !important; background-color: rgb(255, 255, 255);\">13：00入住别墅酒店，酒店内包含麻将娱乐，其他项目凭自己喜欢自费，在景区内休闲娱乐至第二天下午14：00，返程回市区</p><p style=\"margin-top: 15px; margin-bottom: 0px; padding: 0px; color: rgb(51, 51, 51); font-family: &#39;microsoft yahei&#39;; font-size: 14px; white-space: normal; max-width: 100%; box-sizing: border-box; line-height: 1.75em; text-indent: 2em; overflow-wrap: break-word !important; background-color: rgb(255, 255, 255);\">注：（所含费用：半方塘水上别墅风情酒店住宿一晚、水上乐园门票一张、一正餐、往返旅游大巴车费）</p><p style=\"margin-top: 15px; margin-bottom: 0px; padding: 0px; color: rgb(51, 51, 51); font-family: &#39;microsoft yahei&#39;; font-size: 14px; white-space: normal; max-width: 100%; box-sizing: border-box; line-height: 1.75em; text-indent: 2em; overflow-wrap: break-word !important; background-color: rgb(255, 255, 255);\">惊爆价368/位，天天发团</p><p style=\"margin-top: 15px; margin-bottom: 0px; padding: 0px; color: rgb(51, 51, 51); font-family: &#39;microsoft yahei&#39;; font-size: 14px; line-height: 30px; white-space: normal; text-indent: 2em; background-color: rgb(255, 255, 255);\">乌蒙草原＋海坪彝族风情小镇一日游</p><p style=\"margin-top: 15px; margin-bottom: 0px; padding: 0px; color: rgb(51, 51, 51); font-family: &#39;microsoft yahei&#39;; font-size: 14px; white-space: normal; max-width: 100%; box-sizing: border-box; line-height: 2em; text-indent: 2em; overflow-wrap: break-word !important; background-color: rgb(255, 255, 255);\">乌蒙大草原是西南地区海拔最高，面积最大的高原草场之一。最高海拔为2857米，年平均气温为11.1℃，是一个夏日避暑的良好去处。这里有一望无际的独特高原草场，有万亩高原矮杜鹃林，有充满神奇色彩美丽动人的高山湖泊，有民族文化浓郁的彝族风情，有世界罕见的自然奇观——佛光，并融雄、奇、险、峻、幽于一身的牛棚梁子大山、八担山等。在乌蒙大草原立于山巅，看云涌苍崖，鹰翔蓝天，雾海漫漫，确有翻江倒海之壮阔，大江东去之豪迈。</p><p><br/></p><p style=\"text-align: center;\"><img src=\"http://localhost:9000/xiudoua-cms/ueditor/jsp/upload/image/20170824/1503570060480017126.jpg\" title=\"1503570060480017126.jpg\"/></p><p style=\"text-align: center;\"><img src=\"http://localhost:9000/xiudoua-cms/ueditor/jsp/upload/image/20170824/1503570060493066729.jpg\" title=\"1503570060493066729.jpg\"/></p><p style=\"text-align: center;\"><img src=\"http://localhost:9000/xiudoua-cms/ueditor/jsp/upload/image/20170824/1503570060508095709.jpg\" title=\"1503570060508095709.jpg\"/></p><p style=\"text-align: center;\"><img src=\"http://localhost:9000/xiudoua-cms/ueditor/jsp/upload/image/20170824/1503570060510079057.jpg\" title=\"1503570060510079057.jpg\"/></p><p style=\"margin-top: 15px; margin-bottom: 0px; padding: 0px; color: rgb(51, 51, 51); font-family: &#39;microsoft yahei&#39;; font-size: 14px; line-height: 30px; white-space: normal; text-indent: 2em; text-align: center; background-color: rgb(255, 255, 255);\">海坪彝族风情小镇·姚咏</p><p style=\"margin-top: 15px; margin-bottom: 0px; padding: 0px; color: rgb(51, 51, 51); font-family: &#39;microsoft yahei&#39;; font-size: 14px; line-height: 30px; white-space: normal; text-indent: 2em; background-color: rgb(255, 255, 255);\">早上7：50准时在六盘水凉都大剧院集合，8：00出发至乌蒙大草原，车程约1个半小时</p><p style=\"margin-top: 15px; margin-bottom: 0px; padding: 0px; color: rgb(51, 51, 51); font-family: &#39;microsoft yahei&#39;; font-size: 14px; line-height: 30px; white-space: normal; text-indent: 2em; background-color: rgb(255, 255, 255);\">9：30分到达乌蒙大草原，游览乌蒙大草原，游览时间2个半小时</p><p style=\"margin-top: 15px; margin-bottom: 0px; padding: 0px; color: rgb(51, 51, 51); font-family: &#39;microsoft yahei&#39;; font-size: 14px; line-height: 30px; white-space: normal; text-indent: 2em; background-color: rgb(255, 255, 255);\">12：00午餐</p><p style=\"margin-top: 15px; margin-bottom: 0px; padding: 0px; color: rgb(51, 51, 51); font-family: &#39;microsoft yahei&#39;; font-size: 14px; line-height: 30px; white-space: normal; text-indent: 2em; background-color: rgb(255, 255, 255);\">13：00集合乘车出发到海坪彝族景区，车程约1个半小时</p><p style=\"margin-top: 15px; margin-bottom: 0px; padding: 0px; color: rgb(51, 51, 51); font-family: &#39;microsoft yahei&#39;; font-size: 14px; line-height: 30px; white-space: normal; text-indent: 2em; background-color: rgb(255, 255, 255);\">14：30分到达海坪彝族景区，游览海坪彝景区，游览时间2小时</p><p style=\"margin-top: 15px; margin-bottom: 0px; padding: 0px; color: rgb(51, 51, 51); font-family: &#39;microsoft yahei&#39;; font-size: 14px; line-height: 30px; white-space: normal; text-indent: 2em; background-color: rgb(255, 255, 255);\">16：30结束愉快的行程，返程。</p><p style=\"margin-top: 15px; margin-bottom: 0px; padding: 0px; color: rgb(51, 51, 51); font-family: &#39;microsoft yahei&#39;; font-size: 14px; line-height: 30px; white-space: normal; text-indent: 2em; background-color: rgb(255, 255, 255);\">惊爆价198/位，8月10号、14号、17号发团。</p><p style=\"margin-top: 15px; margin-bottom: 0px; padding: 0px; color: rgb(51, 51, 51); font-family: &#39;microsoft yahei&#39;; font-size: 14px; line-height: 30px; white-space: normal; text-indent: 2em; background-color: rgb(255, 255, 255);\">北盘江游船＋北盘江第一桥一日游</p><p style=\"margin-top: 15px; margin-bottom: 0px; padding: 0px; color: rgb(51, 51, 51); font-family: &#39;microsoft yahei&#39;; font-size: 14px; line-height: 30px; white-space: normal; text-indent: 2em; background-color: rgb(255, 255, 255);\">北盘江大峡谷被誉为贵州峡谷之最，集峡谷风光之大成，以系列喀斯特及丹霞地貌大峡谷景观著称，是乌蒙山国家地质公园的核心区，集瀑布、石林、石洞、峰林等数十种自然风光于一体，峡谷内峰林怒拔，崇山峻岭依岸对列，河谷深切，相对高差在300－700米，水势变化无常，时急时缓，或跌落咆哮，颇为壮观。碧绿的江水缓缓流动，人行走在峡谷，不知不觉被感染，让你气定神闲，是个修身养性的世外桃源。徜徉在峡谷江面，既有“两岸猿声啼不住，轻舟已过万重山”的豪迈，亦有“春来江水绿如蓝”的婉约，它还是探险寻秘、体育健身的绝佳胜地。“静若处子，动若狡兔”是北盘江大峡谷的真实写照。</p><p><br/></p><p style=\"margin-top: 15px; margin-bottom: 0px; padding: 0px; color: rgb(51, 51, 51); font-family: &#39;microsoft yahei&#39;; font-size: 14px; line-height: 30px; white-space: normal; text-indent: 2em; text-align: center; background-color: rgb(255, 255, 255);\">北盘江风光·张三都</p><p style=\"margin-top: 15px; margin-bottom: 0px; padding: 0px; color: rgb(51, 51, 51); font-family: &#39;microsoft yahei&#39;; font-size: 14px; line-height: 30px; white-space: normal; text-indent: 2em; background-color: rgb(255, 255, 255);\">在北盘江大峡谷上还有著名的北盘江第一桥，北盘江第一桥创下一个世界第一，大桥全长1341.4米，桥面至谷底高差达565米，差不多相当于200层楼高，为目前“世界第一高桥”。</p><p style=\"margin-top: 15px; margin-bottom: 0px; padding: 0px; color: rgb(51, 51, 51); font-family: &#39;microsoft yahei&#39;; font-size: 14px; line-height: 30px; white-space: normal; text-indent: 2em; text-align: center; background-color: rgb(255, 255, 255);\">北盘江第一桥·王远明</p><p style=\"margin-top: 15px; margin-bottom: 0px; padding: 0px; color: rgb(51, 51, 51); font-family: &#39;microsoft yahei&#39;; font-size: 14px; line-height: 30px; white-space: normal; text-indent: 2em; background-color: rgb(255, 255, 255);\">惊爆价238/位，周五发团。</p><p style=\"margin-top: 15px; margin-bottom: 0px; padding: 0px; color: rgb(51, 51, 51); font-family: &#39;microsoft yahei&#39;; font-size: 14px; line-height: 30px; white-space: normal; text-indent: 2em; background-color: rgb(255, 255, 255);\">报名热线：</p><p style=\"margin-top: 15px; margin-bottom: 0px; padding: 0px; color: rgb(51, 51, 51); font-family: &#39;microsoft yahei&#39;; font-size: 14px; line-height: 30px; white-space: normal; text-indent: 2em; background-color: rgb(255, 255, 255);\">贵州天虹旅行社：0858－8699666&nbsp;&nbsp; 　张 18985907922</p><p style=\"margin-top: 15px; margin-bottom: 0px; padding: 0px; color: rgb(51, 51, 51); font-family: &#39;microsoft yahei&#39;; font-size: 14px; line-height: 30px; white-space: normal; text-indent: 2em; background-color: rgb(255, 255, 255);\">麒麟社区服务部：杜 13116385466</p><p style=\"margin-top: 15px; margin-bottom: 0px; padding: 0px; color: rgb(51, 51, 51); font-family: &#39;microsoft yahei&#39;; font-size: 14px; line-height: 30px; white-space: normal; text-indent: 2em; background-color: rgb(255, 255, 255);\">六枝分公司：张 18785845561</p><p style=\"margin-top: 15px; margin-bottom: 0px; padding: 0px; color: rgb(51, 51, 51); font-family: &#39;microsoft yahei&#39;; font-size: 14px; line-height: 30px; white-space: normal; text-indent: 2em; background-color: rgb(255, 255, 255);\">投诉电话：13385585588</p><p><br/></p>', null, null, null);
INSERT INTO `jf_cms_content_ext` VALUES ('32', '夺宝幸运星,动漫,秀逗啊', '好看', '<p><video class=\"edui-upload-video  vjs-default-skin video-js\" controls=\"\" preload=\"none\" width=\"971\" height=\"455\"><source src=\"http://localhost:9000/xiudoua-cms/ueditor/jsp/upload/video/20170824/1503573361222083398.mp4\" type=\"video/mp4\"/></video></p>', null, null, null);

-- ----------------------------
-- Table structure for jf_cms_film
-- ----------------------------
DROP TABLE IF EXISTS `jf_cms_film`;
CREATE TABLE `jf_cms_film` (
  `id` int(11) NOT NULL AUTO_INCREMENT,
  `category_id` int(11) NOT NULL,
  `category_name` varchar(255) NOT NULL,
  `thumb` varchar(255) NOT NULL,
  `title` varchar(255) NOT NULL,
  `stars` varchar(255) NOT NULL COMMENT '主演名单',
  `country` varchar(100) NOT NULL,
  `definition` varchar(100) DEFAULT NULL COMMENT '清晰度',
  `release_time` varchar(100) DEFAULT NULL COMMENT '上映时间',
  `abstracts` varchar(1000) DEFAULT NULL,
  `source` varchar(255) NOT NULL DEFAULT '本站编辑',
  `douban` varchar(20) NOT NULL,
  `wangpan` varchar(255) DEFAULT NULL,
  `xunlei` varchar(255) DEFAULT NULL,
  `content` text NOT NULL,
  `create_time` bigint(11) NOT NULL,
  `last_update_time` bigint(11) NOT NULL,
  `reorder` int(11) NOT NULL DEFAULT '1',
  `status` tinyint(2) NOT NULL DEFAULT '-1',
  PRIMARY KEY (`id`)
) ENGINE=MyISAM AUTO_INCREMENT=42 DEFAULT CHARSET=utf8;

-- ----------------------------
-- Records of jf_cms_film
-- ----------------------------
INSERT INTO `jf_cms_film` VALUES ('5', '1', '电影', 'Uploads/images/filmCategory/2017/08/21/20170821161416.jpg', '《金刚狼》系列下载', '休·杰克曼（Hugh Jackman）', '好莱坞大片', '高清', '2009年,2013年,2017年', '这是一部牛掰的电影！！！', '互联网搜集', '8.5', '#', '#', '<p>&nbsp;&nbsp;&nbsp;&nbsp;金刚狼（Wolverine，原意为“<a target=\"_blank\" href=\"https://baike.baidu.com/item/%E7%8B%BC%E7%8D%BE\" style=\"color: rgb(19, 110, 194); text-decoration: none;\">狼獾</a>”。注意狼的英文是&#39;&#39;Wolf&#39;&#39;。)，最早是出现在<a target=\"_blank\" href=\"https://baike.baidu.com/item/%E6%BC%AB%E5%A8%81\" style=\"color: rgb(19, 110, 194); text-decoration: none;\">漫威</a>漫画出版物中的<a target=\"_blank\" href=\"https://baike.baidu.com/item/%E8%B6%85%E7%BA%A7%E8%8B%B1%E9%9B%84\" style=\"color: rgb(19, 110, 194); text-decoration: none;\">超级英雄</a>虚构人物。首次出现于《<a target=\"_blank\" href=\"https://baike.baidu.com/item/%E4%B8%8D%E5%8F%AF%E6%80%9D%E8%AE%AE%E7%9A%84%E7%BB%BF%E5%B7%A8%E4%BA%BA\" style=\"color: rgb(19, 110, 194); text-decoration: none;\">不可思议的绿巨人</a>》第180期(1974年十月)，由作家莱恩·韦恩与艺术指导约翰·罗密塔角色设计，贺伯特·林普所绘。《Giant-Size X-Men》第一期(1975年5月)，金刚狼编入<a target=\"_blank\" href=\"https://baike.baidu.com/item/X%E6%88%98%E8%AD%A6\" style=\"color: rgb(19, 110, 194); text-decoration: none;\">X战警</a>的“All New, All Different”团队。《<a target=\"_blank\" href=\"https://baike.baidu.com/item/X%E6%88%98%E8%AD%A6\" style=\"color: rgb(19, 110, 194); text-decoration: none;\">X战警</a>》作家克里斯·克雷蒙与同绘者<a target=\"_blank\" href=\"https://baike.baidu.com/item/%E7%BA%A6%E7%BF%B0%C2%B7%E5%B8%83%E8%8E%B1%E6%81%A9\" style=\"color: rgb(19, 110, 194); text-decoration: none;\">约翰·布莱恩</a>，赋予金刚狼为重要角色，强调金刚狼年纪比其他成员年长。漫画家<a target=\"_blank\" href=\"https://baike.baidu.com/item/%E5%BC%97%E5%85%B0%E5%85%8B%C2%B7%E7%B1%B3%E5%8B%92\" style=\"color: rgb(19, 110, 194); text-decoration: none;\">弗兰克·米勒</a>与克雷蒙合作，协助重新修正金刚狼角色，1982年十二月出版分为四部著名期限系列，以<span style=\"font-weight: 700;\">“I&#39;m the best there is at what I do, but what I do isn&#39;t very nice.”</span>作为口号再次登台。</p><p>&nbsp;&nbsp;&nbsp;&nbsp;金刚狼是典型的越战后涌进美国通俗文化反当局反英雄角色，而成为漫威漫画旗下<a target=\"_blank\" href=\"https://baike.baidu.com/item/X%E6%88%98%E8%AD%A6/1825791\" style=\"color: rgb(19, 110, 194); text-decoration: none;\">X战警</a>团队中最受欢迎的人物之一，同样也是人气最高的变种人角色。自从1988年开始，出现以金刚狼为主角的角色作品，有电视动画、电子游戏和电影，二十世纪福斯发行的《<a target=\"_blank\" href=\"https://baike.baidu.com/item/X%E6%88%98%E8%AD%A6\" style=\"color: rgb(19, 110, 194); text-decoration: none;\">X战警</a>》系列电影，由<a target=\"_blank\" href=\"https://baike.baidu.com/item/%E4%BC%91%C2%B7%E6%9D%B0%E5%85%8B%E6%9B%BC\" style=\"color: rgb(19, 110, 194); text-decoration: none;\">休·杰克曼</a>饰演。2008年5月，金刚狼在知名电玩娱乐杂志《<a target=\"_blank\" href=\"https://baike.baidu.com/item/Wizard\" style=\"color: rgb(19, 110, 194); text-decoration: none;\">Wizard</a>》所选出的“有史以来前两百大漫画人物”中，排名No.1。2008年6月，在《Empire》杂志选出的“五十大漫画人物”中，排名No.4。是Marvel旗下最具号召力的漫画角色之一，常年有自己独立的期刊与相关连载。（如The Wolverine、Wolverine and The X-Men、Wolverine: Origins等等）</p><p><br/></p>', '1503290389000', '1503290389000', '1', '1');
INSERT INTO `jf_cms_film` VALUES ('2', '2', '电视', 'assets/images/default-film.jpg', '《权利的游戏》第七季720p全集下载', '基特·哈灵顿,艾米莉亚·克拉克,索菲·特纳,麦茜·威廉姆斯', 'HBO', '高清', '2017年7月17日', '囧诺，龙妈，啪、啪、啪，色后、三傻和二丫，女权主义崛起啦！', '站长搜集', '9.5', '#', '#', '<p><span style=\"color: #f30;font-weight: bold;\">【剧情简介】：</span></p><p>&nbsp;&nbsp;&nbsp;&nbsp;故事紧接着上一季继续发展。丹妮莉丝（艾米莉亚·克拉克 Emilia Clarke 饰）率领着她的军师们和无垢者大军终于返回了一切开始的地方——龙石岛，在那里，她同她的盟友们汇合，在提利昂（彼特·丁拉基 Peter Dinklage 饰）的建议下，她飞鸽传书给远在北方的琼恩（基特·哈灵顿 Kit Harington 饰），试图得到他的臣服。</p><p>　　那边厢，瑟曦（琳娜·海蒂 Lena Headey 饰）的武断和残暴令国家陷入了四面楚歌的境地，只有詹姆（尼可拉·科斯特-瓦尔道 Nikolaj Coster-Waldau 饰）依然不离不弃的守候在她的身后。镜头转向北境，琼恩和珊莎（索菲·特纳 Sophie Turner 饰）之间的分歧越来越大，与此同时，他收到了身在大学城的山姆威尔（约翰·布莱德利 John Bradley）的来信，信上说在龙石岛的下面，埋藏着数量巨大的龙晶，这是唯一能够抵挡异鬼入侵的武器...</p><p><span class=\"short\"></span><br/></p>', '1502439490000', '1502439490000', '1', '1');
INSERT INTO `jf_cms_film` VALUES ('3', '1', '电影', 'Uploads/images/filmCategory/2017/08/24/20170824155104.jpg', '《指环王》系列高清下载', '伊利亚·伍德,伊恩·麦克莱恩', '好莱坞', '高清', '2017年8月11日', '这是一部牛掰的电影！！！', 'bd-film', '8.2', '#', '#', '<p>剧情简介：</p><p>&nbsp;&nbsp;&nbsp;&nbsp;《魔戒》（The Lord of the Rings）又译《指环王》，是<a target=\"_blank\" href=\"https://baike.baidu.com/item/%E8%8B%B1%E5%9B%BD/144602\" style=\"color: rgb(19, 110, 194); text-decoration: none;\">英国</a>作家、语言学家、<a target=\"_blank\" href=\"https://baike.baidu.com/item/%E7%89%9B%E6%B4%A5%E5%A4%A7%E5%AD%A6\" style=\"color: rgb(19, 110, 194); text-decoration: none;\">牛津大学</a>教授<a target=\"_blank\" href=\"https://baike.baidu.com/item/%E7%BA%A6%E7%BF%B0%C2%B7%E7%BD%97%E7%BA%B3%E5%BE%B7%C2%B7%E7%91%9E%E5%B0%94%C2%B7%E6%89%98%E5%B0%94%E9%87%91/48570\" style=\"color: rgb(19, 110, 194); text-decoration: none;\">约翰·罗纳德·瑞尔·托尔金</a>创作的长篇奇幻小说。该书是《<a target=\"_blank\" href=\"https://baike.baidu.com/item/%E9%9C%8D%E6%AF%94%E7%89%B9%E4%BA%BA/548764\" style=\"color: rgb(19, 110, 194); text-decoration: none;\">霍比特人</a>》的续作，被公认为近代<a target=\"_blank\" href=\"https://baike.baidu.com/item/%E5%A5%87%E5%B9%BB%E6%96%87%E5%AD%A6\" style=\"color: rgb(19, 110, 194); text-decoration: none;\">奇幻文学</a>的鼻祖。经过十二年的创作和四年的修改，《魔戒》于1954年至1955年出版。全书分为三部：《护戒同盟》《双塔奇兵》《王者归来》。</p><p>&nbsp;&nbsp;&nbsp;&nbsp;《魔戒》主要讲述了<a target=\"_blank\" href=\"https://baike.baidu.com/item/%E4%B8%AD%E5%9C%9F%E4%B8%96%E7%95%8C\" style=\"color: rgb(19, 110, 194); text-decoration: none;\">中土世界</a>第三纪元末年<a target=\"_blank\" href=\"https://baike.baidu.com/item/%E9%AD%94%E6%88%92%E5%9C%A3%E6%88%98\" style=\"color: rgb(19, 110, 194); text-decoration: none;\">魔戒圣战</a>时期，各种族人民为追求自由而联合起来，反抗黑暗魔君<a target=\"_blank\" href=\"https://baike.baidu.com/item/%E7%B4%A2%E4%BC%A6/10826708\" style=\"color: rgb(19, 110, 194); text-decoration: none;\">索伦</a>的故事。</p><p>&nbsp;&nbsp;&nbsp;&nbsp;《魔戒》在<a target=\"_blank\" href=\"https://baike.baidu.com/item/Waterstones\" style=\"color: rgb(19, 110, 194); text-decoration: none;\">Waterstones</a>书店和<a target=\"_blank\" href=\"https://baike.baidu.com/item/%E8%8B%B1%E5%9B%BD%E7%94%B5%E8%A7%86%E5%9B%9B%E5%8F%B0\" style=\"color: rgb(19, 110, 194); text-decoration: none;\">英国电视四台</a>共同举办的票选活动中被评为“20世纪之书”，在<a target=\"_blank\" href=\"https://baike.baidu.com/item/%E4%BA%9A%E9%A9%AC%E9%80%8A/21766\" style=\"color: rgb(19, 110, 194); text-decoration: none;\">亚马逊</a>举办的票选活动中被评为“两千年来最重要的书”。《魔戒》已被翻译成六十多种语言，并衍生出插画、音乐、电影、电视剧、广播剧和电脑游戏等产品。2001年至2003年，由<a target=\"_blank\" href=\"https://baike.baidu.com/item/%E5%BD%BC%E5%BE%97%C2%B7%E6%9D%B0%E5%85%8B%E9%80%8A\" style=\"color: rgb(19, 110, 194); text-decoration: none;\">彼得·杰克逊</a>执导的《指环王》系列电影上映，该系列电影共荣获17项奥斯卡金像奖，其中《<a target=\"_blank\" href=\"https://baike.baidu.com/item/%E6%8C%87%E7%8E%AF%E7%8E%8B3%EF%BC%9A%E7%8E%8B%E8%80%85%E5%BD%92%E6%9D%A5\" style=\"color: rgb(19, 110, 194); text-decoration: none;\">指环王3：王者归来</a>》荣获11项奥斯卡金像奖，成为奥斯卡历史上获奖最多的影片（和《<a target=\"_blank\" href=\"https://baike.baidu.com/item/%E5%AE%BE%E8%99%9A/16539\" style=\"color: rgb(19, 110, 194); text-decoration: none;\">宾虚</a>》及《<a target=\"_blank\" href=\"https://baike.baidu.com/item/%E6%B3%B0%E5%9D%A6%E5%B0%BC%E5%85%8B%E5%8F%B7/6162581\" style=\"color: rgb(19, 110, 194); text-decoration: none;\">泰坦尼克号</a>》并列）。</p><p><br/></p>', '1502439911000', '1502439911000', '1', '1');
INSERT INTO `jf_cms_film` VALUES ('4', '1', '电影', 'Uploads/images/filmCategory/2017/08/21/20170821202754.jpg', '《战狼系列》', '吴京,余男,吴刚', '中国大陆', '高清', '2017年7月17日', '这是一部牛掰的电影！！！', '互联网搜集', '8.2', '#', '#', '<p>战狼系列<br/></p>', '1502519989000', '1502519989000', '1', '1');
INSERT INTO `jf_cms_film` VALUES ('6', '1', '电影', 'Uploads/images/filmCategory/2017/08/21/20170821161633.jpg', '《谍影重重》系列下载', '马特·达蒙 弗兰卡·波坦特 克里夫·欧文', '好莱坞', '高清', '2005', '这是一部牛掰的电影！！！', '互联网搜集', '8.5', '#', '#', '<p>谍影重重</p>', '1503303401000', '1503303401000', '1', '1');
INSERT INTO `jf_cms_film` VALUES ('7', '1', '电影', 'Uploads/images/filmCategory/2017/08/21/20170821161859.jpg', '《碟中谍》系列下载', '汤姆·克鲁斯', '好莱坞', '高清', '2004年', '这是一部牛掰的电影！！！', '互联网搜集', '8', '#', '#', '<p>碟中谍</p>', '1503303543000', '1503303543000', '1', '1');
INSERT INTO `jf_cms_film` VALUES ('8', '1', '电影', 'Uploads/images/filmCategory/2017/08/21/20170821162005.jpg', '《古惑仔》系列下载', '郑伊健 陈小春 吴君如 谢天华 黄秋生', '中国香港', '高清', '2003', '这是一部牛掰的电影！！！', '互联网搜集', '8', '#', '#', '<p>古惑仔</p>', '1503303611000', '1503303611000', '1', '1');
INSERT INTO `jf_cms_film` VALUES ('9', '1', '电影', 'Uploads/images/filmCategory/2017/08/21/20170821162215.jpg', '《无间道》系列下载', '刘德华 梁朝伟 陈冠希 余文乐 曾志伟 黄秋生', '中国大陆', '高清', '2003', '这是一部牛掰的电影！！！', '互联网搜集', '7.5', '#', '#', '<p>无间道</p>', '1503303740000', '1503303740000', '1', '1');
INSERT INTO `jf_cms_film` VALUES ('10', '1', '电影', 'Uploads/images/filmCategory/2017/08/21/20170821162342.jpg', '《霍比特人》系列下载', '马丁·弗瑞曼 理查德·阿米蒂奇 艾丹·特纳', '好莱坞', '高清', '2013', '这是一部牛掰的电影！！！', '互联网搜集', '8.2', '#', '#', '<p>霍比特人</p>', '1503303827000', '1503303827000', '1', '1');
INSERT INTO `jf_cms_film` VALUES ('11', '1', '电影', 'Uploads/images/filmCategory/2017/08/21/20170821162541.jpg', '《变形金刚》系列下载', '马克·沃尔伯格', '好莱坞', '高清', '2014', '这是一部牛掰的电影！！！', '互联网搜集', '8.1', '#', '#', '<p>变形金刚</p>', '1503303952000', '1503303952000', '1', '1');
INSERT INTO `jf_cms_film` VALUES ('12', '1', '电影', 'Uploads/images/filmCategory/2017/08/21/20170821162705.jpg', '《生化危机》系列下载', '米拉·乔沃维奇 海克·玛卡琪 米歇尔·罗德里格兹', '好莱坞大片', '高清', '2003', '这是一部牛掰的电影！！！', '互联网搜集', '7.2', '#', '#', '<p>生化危机</p>', '1503304033000', '1503304033000', '1', '1');
INSERT INTO `jf_cms_film` VALUES ('13', '1', '电影', 'Uploads/images/filmCategory/2017/08/21/20170821162815.jpg', '《加勒比海盗》系列下载', '约翰尼.德普', '好莱坞', '高清', '2003', '这是一部牛掰的电影！！！', '互联网搜集', '8', '#', '#', '<p>加勒比海盗</p>', '1503304101000', '1503304101000', '1', '1');
INSERT INTO `jf_cms_film` VALUES ('14', '2', '电视剧', 'assets/images/default-film.jpg', '《权利的游戏第六季》全集下载', '未知', 'HBO', '高清', '2016', '这是一部牛掰的电影！！！', '226ys.com', '9.2', '#', '#', '<p>《权利的游戏第六季》全集下载</p>', '1503397020000', '1503397020000', '1', '1');
INSERT INTO `jf_cms_film` VALUES ('15', '2', '电视剧', 'assets/images/default-film.jpg', '《权利的游戏第五季》全集下载', '未知', 'HBO', '高清', '2015', '这是一部牛掰的电影！！！', '226ys.com', '9.0', '#', '#', '<p>《权利的游戏第五季》全集下载</p>', '1503397049000', '1503397049000', '1', '1');
INSERT INTO `jf_cms_film` VALUES ('16', '2', '电视剧', 'assets/images/default-film.jpg', '《权利的游戏第四季》全集下载', '未知', '中国大陆', '高清', '2014', '这是一部牛掰的电影！！！', '226ys.com', '8', '#', '#', '<p>《权利的游戏第四季》全集下载</p>', '1503397129000', '1503397129000', '1', '1');
INSERT INTO `jf_cms_film` VALUES ('17', '2', '电视剧', 'assets/images/default-film.jpg', '《权利的游戏第三季》全集下载', '未知', '中国大陆', '高清', '2013', '这是一部牛掰的电影！！！', '226ys.com', '8', '#', '#', '<p>《权利的游戏第三季》全集下载</p>', '1503397165000', '1503397165000', '1', '1');
INSERT INTO `jf_cms_film` VALUES ('18', '2', '电视剧', 'assets/images/default-film.jpg', '《权利的游戏第二季》全集下载', '未知', '中国大陆', '高清', '2012', '这是一部牛掰的电影！！！', '226ys.com', '8', '#', '#', '<p>《权利的游戏第二季》全集下载</p>', '1503397193000', '1503397193000', '1', '1');
INSERT INTO `jf_cms_film` VALUES ('19', '2', '电视剧', 'assets/images/default-film.jpg', '《权利的游戏第一季》全集下载', '未知', '中国大陆', '高清', '2011', '这是一部牛掰的电影！！！', '226ys.com', '9.2', '#', '#', '<p>《权利的游戏第一季》全集下载</p>', '1503397223000', '1503397223000', '1', '1');
INSERT INTO `jf_cms_film` VALUES ('20', '2', '电视剧', 'assets/images/default-film.jpg', '《西部世界第一季》全集下载', '未知', '中国大陆', '高清', '2017', '这是一部牛掰的电影！！！', '226ys.com', '8', '#', '#', '<p>《西部世界第一季》全集下载</p>', '1503397292000', '1503397292000', '1', '1');
INSERT INTO `jf_cms_film` VALUES ('21', '2', '电视剧', 'assets/images/default-film.jpg', '《鸡毛飞上天》全集下载', '张译 殷桃', '中国大陆', '高清', '2017', '这是一部牛掰的电影！！！', '互联网搜集', '8', '#', '#', '<p>《鸡毛飞上天》全集下载</p>', '1503397367000', '1503397367000', '1', '1');
INSERT INTO `jf_cms_film` VALUES ('22', '2', '电视剧', 'assets/images/default-film.jpg', '《人民的名义》全集下载', '陆毅 张丰毅', '中国大陆', '高清', '2017年', '这是一部牛掰的电影！！！', '互联网搜集', '8', '#', '#', '<p>《人民的名义》全集下载</p>', '1503397409000', '1503397409000', '1', '1');
INSERT INTO `jf_cms_film` VALUES ('23', '2', '电视剧', 'assets/images/default-film.jpg', '《我的前半生》全集下载', '靳东 马伊琍 袁泉 陈道明 雷佳音', '中国大陆', '高清', '2017年', '这是一部牛掰的电影！！！', '互联网搜集', '8', '#', '#', '<p>《我的前半生》全集下载</p>', '1503397487000', '1503397487000', '1', '1');
INSERT INTO `jf_cms_film` VALUES ('24', '2', '电视剧', 'assets/images/default-film.jpg', '《士兵突击》全集下载', '王宝强 张译 李晨', '中国大陆', '高清', '2004', '这是一部牛掰的电影！！！', '互联网搜集', '8', '#', '#', '<p>士兵突击</p>', '1503397783000', '1503397783000', '1', '1');
INSERT INTO `jf_cms_film` VALUES ('25', '3', '综艺', 'assets/images/default-film.jpg', '《中国好声音第一季》高清下载', '刘欢 那英 庾澄庆 杨坤', '中国大陆', '高清', '2014', '火爆整个暑假', '互联网搜集', '8.2', '#', '#', '<p>中国好声音<br/></p>', '1503487004000', '1503487004000', '1', '1');
INSERT INTO `jf_cms_film` VALUES ('26', '3', '综艺', 'assets/images/default-film.jpg', '《中国好声音第二季》高清下载', '未知', '中国大陆', '高清', '2014', '这是一部牛掰的电影！！！', '互联网搜集', '8', '#', '#', '<p>《中国好声音》第二季高清下载</p>', '1503491070000', '1503491070000', '1', '1');
INSERT INTO `jf_cms_film` VALUES ('27', '3', '综艺', 'assets/images/default-film.jpg', '《中国好声音第三季》高清下载', '未知', '中国大陆', '高清', '2015', '这是一部牛掰的电影！！！', '互联网搜集', '8', '#', '#', '<p>《中国好声音第三季》高清下载</p>', '1503491100000', '1503491100000', '1', '1');
INSERT INTO `jf_cms_film` VALUES ('28', '3', '综艺', 'assets/images/default-film.jpg', '《中国好声音第四季》高清下载', '未知', '中国大陆', '高清', '2016', '这是一部牛掰的电影！！！', '互联网搜集', '8', '#', '#', '<p>《中国好声音第四季》高清下载</p>', '1503491119000', '1503491119000', '1', '1');
INSERT INTO `jf_cms_film` VALUES ('29', '3', '综艺', 'assets/images/default-film.jpg', '《中国好声音第五季》高清下载', '未知', '中国大陆', '高清', '2017', '这是一部牛掰的电影！！！', '互联网搜集', '8', '#', '#', '<p>《中国好声音第五季》高清下载</p>', '1503491172000', '1503491172000', '1', '1');
INSERT INTO `jf_cms_film` VALUES ('30', '3', '综艺', 'assets/images/default-film.jpg', '《我是歌手第一季》全集下载', '未知', '中国大陆', '高清', '2014', '这是一部牛掰的电影！！！', '互联网搜集', '8', '#', '#', '<p>《我是歌手第一季》全集下载</p>', '1503491198000', '1503491198000', '1', '1');
INSERT INTO `jf_cms_film` VALUES ('31', '3', '综艺', 'assets/images/default-film.jpg', '《我是歌手第二季》全集下载', '未知', '中国大陆', '高清', '2015', '这是一部牛掰的电影！！！', '互联网搜集', '8', '#', '#', '<p>《我是歌手第一季》全集下载</p>', '1503491215000', '1503491215000', '1', '1');
INSERT INTO `jf_cms_film` VALUES ('32', '3', '综艺', 'assets/images/default-film.jpg', '《我是歌手第三季》全集下载', '未知', '中国大陆', '高清', '2016', '这是一部牛掰的电影！！！', '互联网搜集', '8', '#', '#', '<p>《我是歌手第三季》全集下载</p>', '1503491238000', '1503491238000', '1', '1');
INSERT INTO `jf_cms_film` VALUES ('33', '3', '综艺', 'assets/images/default-film.jpg', '《我是歌手第四季》全集下载', '未知', '中国大陆', '高清', '2017', '这是一部牛掰的电影！！！', '互联网搜集', '8', '#', '#', '<p>《我是歌手第四季》全集下载</p>', '1503491255000', '1503491255000', '1', '1');
INSERT INTO `jf_cms_film` VALUES ('34', '4', '动漫', 'assets/images/default-film.jpg', '《超神学院》前三季全集下载', '未知', '中国大陆', '高清', '2015', '这是一部牛掰的电影！！！', '互联网搜集', '8', '#', '#', '<p>《超神学院》前三季全集下载</p>', '1503491307000', '1503491307000', '1', '1');
INSERT INTO `jf_cms_film` VALUES ('35', '4', '动漫', 'assets/images/default-film.jpg', '《超神学院》之黑甲高清下载', '未知', '中国大陆', '高清', '2016', '这是一部牛掰的电影！！！', '互联网搜集', '8', '#', '#', '<p>《超神学院》之黑甲高清下载</p>', '1503491343000', '1503491343000', '1', '1');
INSERT INTO `jf_cms_film` VALUES ('36', '4', '动漫', 'assets/images/default-film.jpg', '《夺宝幸运星》第一季高清下载', '未知', '中国大陆', '高清', '2015', '这是一部牛掰的电影！！！', '互联网搜集', '8', '#', '#', '<p>《夺宝幸运星》第一季高清下载</p>', '1503491417000', '1503491417000', '1', '1');
INSERT INTO `jf_cms_film` VALUES ('37', '4', '动漫', 'assets/images/default-film.jpg', '《夺宝幸运星第二季》高清下载', '未知', '中国大陆', '高清', '2016', '这是一部牛掰的电影！！！', '互联网搜集', '8', '#', '#', '<p>第二季</p>', '1503491445000', '1503491445000', '1', '1');
INSERT INTO `jf_cms_film` VALUES ('38', '4', '动漫', 'assets/images/default-film.jpg', '《夺宝幸运星第三季》高清下载', '未知', '中国大陆', '高清', '2017', '这是一部牛掰的电影！！！', '互联网搜集', '8', '#', '#', '<p>《夺宝幸运星第3季》高清下载</p>', '1503491461000', '1503491461000', '1', '1');
INSERT INTO `jf_cms_film` VALUES ('39', '4', '动漫', 'assets/images/default-film.jpg', '《秦时明月》全集BT种子下载', '未知', '中国大陆', '高清', '2015', '这是一部牛掰的电影！！！', '互联网搜集', '8', '#', '#', '<p>《秦时明月》全集BT种子下载</p>', '1503491504000', '1503491504000', '1', '1');
INSERT INTO `jf_cms_film` VALUES ('40', '4', '动漫', 'assets/images/default-film.jpg', '《星游记》全集高清下载', '未知', '中国大陆', '高清', '2016', '这是一部牛掰的电影！！！', '互联网搜集', '8', '#', '#', '<p>《星游记》全集高清下载</p>', '1503491530000', '1503491530000', '1', '1');
INSERT INTO `jf_cms_film` VALUES ('41', '4', '动漫', 'assets/images/default-film.jpg', '《惊爆游戏第一季》全集下载', '未知', '中国大陆', '高清', '2016', '这是一部牛掰的电影！！！', '互联网搜集', '8', '#', '#', '<p>《惊爆游戏第一季》全集下载</p>', '1503492097000', '1503492097000', '1', '1');

-- ----------------------------
-- Table structure for jf_cms_film_category
-- ----------------------------
DROP TABLE IF EXISTS `jf_cms_film_category`;
CREATE TABLE `jf_cms_film_category` (
  `id` int(11) NOT NULL AUTO_INCREMENT,
  `name` varchar(255) NOT NULL,
  `parent_id` int(11) DEFAULT NULL,
  `full_name` varchar(1000) NOT NULL,
  `film_type` tinyint(2) NOT NULL DEFAULT '1' COMMENT '1电影单集,2电视续集',
  `thumb` varchar(255) DEFAULT NULL,
  `create_time` bigint(11) NOT NULL,
  `status` tinyint(2) NOT NULL DEFAULT '0',
  `reorder` int(11) NOT NULL DEFAULT '1',
  `level` int(11) NOT NULL DEFAULT '1',
  `description` varchar(1000) DEFAULT NULL,
  PRIMARY KEY (`id`)
) ENGINE=MyISAM AUTO_INCREMENT=7 DEFAULT CHARSET=utf8;

-- ----------------------------
-- Records of jf_cms_film_category
-- ----------------------------
INSERT INTO `jf_cms_film_category` VALUES ('1', '电影', '0', '电影', '1', 'Uploads/images/filmCategory/2017/08/10/20170810161234.jpg', '1502352756000', '1', '1', '1', null);
INSERT INTO `jf_cms_film_category` VALUES ('2', '电视剧', '0', '电视剧', '1', 'Uploads/images/filmCategory/2017/08/10/20170810161923.jpg', '1502353168000', '1', '2', '1', null);
INSERT INTO `jf_cms_film_category` VALUES ('3', '综艺', '0', '综艺', '2', 'Uploads/images/filmCategory/2017/08/10/20170810162306.jpg', '1502353393000', '1', '3', '1', null);
INSERT INTO `jf_cms_film_category` VALUES ('4', '动漫', '0', '动漫', '2', 'Uploads/images/filmCategory/2017/08/10/20170810162324.jpg', '1502353408000', '1', '4', '1', null);

-- ----------------------------
-- Table structure for jf_cms_film_images
-- ----------------------------
DROP TABLE IF EXISTS `jf_cms_film_images`;
CREATE TABLE `jf_cms_film_images` (
  `id` int(11) NOT NULL AUTO_INCREMENT,
  `film_id` int(11) NOT NULL,
  `film_image` varchar(255) NOT NULL,
  `reorder` int(11) DEFAULT NULL,
  `is_default` tinyint(2) DEFAULT '-1',
  PRIMARY KEY (`id`)
) ENGINE=MyISAM AUTO_INCREMENT=346 DEFAULT CHARSET=utf8;

-- ----------------------------
-- Records of jf_cms_film_images
-- ----------------------------
INSERT INTO `jf_cms_film_images` VALUES ('170', '4', 'assets/images/default-film-img.jpg', null, null);
INSERT INTO `jf_cms_film_images` VALUES ('169', '4', 'assets/images/default-film-img.jpg', null, null);
INSERT INTO `jf_cms_film_images` VALUES ('168', '4', 'assets/images/default-film-img.jpg', null, null);
INSERT INTO `jf_cms_film_images` VALUES ('167', '4', 'assets/images/default-film-img.jpg', null, null);
INSERT INTO `jf_cms_film_images` VALUES ('166', '4', 'assets/images/default-film-img.jpg', null, null);
INSERT INTO `jf_cms_film_images` VALUES ('50', '2', 'assets/images/default-film-img.jpg', null, null);
INSERT INTO `jf_cms_film_images` VALUES ('49', '2', 'assets/images/default-film-img.jpg', null, null);
INSERT INTO `jf_cms_film_images` VALUES ('48', '2', 'assets/images/default-film-img.jpg', null, null);
INSERT INTO `jf_cms_film_images` VALUES ('47', '2', 'assets/images/default-film-img.jpg', null, null);
INSERT INTO `jf_cms_film_images` VALUES ('46', '2', 'assets/images/default-film-img.jpg', null, null);
INSERT INTO `jf_cms_film_images` VALUES ('160', '5', 'Uploads/images/filmImages/2017/08/21/20170821180329.jpg', null, null);
INSERT INTO `jf_cms_film_images` VALUES ('159', '5', 'Uploads/images/filmImages/2017/08/21/20170821180327.jpg', null, null);
INSERT INTO `jf_cms_film_images` VALUES ('158', '5', 'Uploads/images/filmImages/2017/08/21/20170821180325.jpg', null, null);
INSERT INTO `jf_cms_film_images` VALUES ('157', '5', 'Uploads/images/filmImages/2017/08/21/20170821180323.jpg', null, null);
INSERT INTO `jf_cms_film_images` VALUES ('156', '5', 'Uploads/images/filmImages/2017/08/21/20170821180321.jpg', null, null);
INSERT INTO `jf_cms_film_images` VALUES ('153', '6', 'Uploads/images/filmImages/2017/08/21/20170821180302.jpg', null, null);
INSERT INTO `jf_cms_film_images` VALUES ('152', '6', 'Uploads/images/filmImages/2017/08/21/20170821180300.jpg', null, null);
INSERT INTO `jf_cms_film_images` VALUES ('151', '6', 'Uploads/images/filmImages/2017/08/21/20170821180258.jpg', null, null);
INSERT INTO `jf_cms_film_images` VALUES ('148', '7', 'Uploads/images/filmImages/2017/08/21/20170821180241.jpg', null, null);
INSERT INTO `jf_cms_film_images` VALUES ('147', '7', 'Uploads/images/filmImages/2017/08/21/20170821180239.jpg', null, null);
INSERT INTO `jf_cms_film_images` VALUES ('146', '7', 'Uploads/images/filmImages/2017/08/21/20170821180237.jpg', null, null);
INSERT INTO `jf_cms_film_images` VALUES ('143', '8', 'Uploads/images/filmImages/2017/08/21/20170821180220.jpg', null, null);
INSERT INTO `jf_cms_film_images` VALUES ('142', '8', 'Uploads/images/filmImages/2017/08/21/20170821180218.jpg', null, null);
INSERT INTO `jf_cms_film_images` VALUES ('141', '8', 'Uploads/images/filmImages/2017/08/21/20170821180216.jpg', null, null);
INSERT INTO `jf_cms_film_images` VALUES ('343', '3', 'assets/images/default-film-img.jpg', null, null);
INSERT INTO `jf_cms_film_images` VALUES ('344', '3', 'assets/images/default-film-img.jpg', null, null);
INSERT INTO `jf_cms_film_images` VALUES ('345', '3', 'assets/images/default-film-img.jpg', null, null);
INSERT INTO `jf_cms_film_images` VALUES ('138', '9', 'Uploads/images/filmImages/2017/08/21/20170821180155.jpg', null, null);
INSERT INTO `jf_cms_film_images` VALUES ('137', '9', 'Uploads/images/filmImages/2017/08/21/20170821180153.jpg', null, null);
INSERT INTO `jf_cms_film_images` VALUES ('136', '9', 'Uploads/images/filmImages/2017/08/21/20170821180151.jpg', null, null);
INSERT INTO `jf_cms_film_images` VALUES ('133', '10', 'Uploads/images/filmImages/2017/08/21/20170821180130.jpg', null, null);
INSERT INTO `jf_cms_film_images` VALUES ('132', '10', 'Uploads/images/filmImages/2017/08/21/20170821180128.jpg', null, null);
INSERT INTO `jf_cms_film_images` VALUES ('131', '10', 'Uploads/images/filmImages/2017/08/21/20170821180126.jpg', null, null);
INSERT INTO `jf_cms_film_images` VALUES ('128', '11', 'Uploads/images/filmImages/2017/08/21/20170821171130.jpg', null, null);
INSERT INTO `jf_cms_film_images` VALUES ('127', '11', 'Uploads/images/filmImages/2017/08/21/20170821171128.jpg', null, null);
INSERT INTO `jf_cms_film_images` VALUES ('126', '11', 'Uploads/images/filmImages/2017/08/21/20170821171126.jpg', null, null);
INSERT INTO `jf_cms_film_images` VALUES ('123', '12', 'Uploads/images/filmImages/2017/08/21/20170821171103.jpg', null, null);
INSERT INTO `jf_cms_film_images` VALUES ('122', '12', 'Uploads/images/filmImages/2017/08/21/20170821171101.jpg', null, null);
INSERT INTO `jf_cms_film_images` VALUES ('121', '12', 'Uploads/images/filmImages/2017/08/21/20170821171058.jpg', null, null);
INSERT INTO `jf_cms_film_images` VALUES ('118', '13', 'Uploads/images/filmImages/2017/08/21/20170821164759.jpg', null, null);
INSERT INTO `jf_cms_film_images` VALUES ('117', '13', 'Uploads/images/filmImages/2017/08/21/20170821164758.jpg', null, null);
INSERT INTO `jf_cms_film_images` VALUES ('116', '13', 'Uploads/images/filmImages/2017/08/21/20170821164755.jpg', null, null);
INSERT INTO `jf_cms_film_images` VALUES ('120', '13', 'Uploads/images/filmImages/2017/08/21/20170821164804.jpg', null, null);
INSERT INTO `jf_cms_film_images` VALUES ('119', '13', 'Uploads/images/filmImages/2017/08/21/20170821164802.jpg', null, null);
INSERT INTO `jf_cms_film_images` VALUES ('124', '12', 'Uploads/images/filmImages/2017/08/21/20170821171105.jpg', null, null);
INSERT INTO `jf_cms_film_images` VALUES ('125', '12', 'Uploads/images/filmImages/2017/08/21/20170821171107.jpg', null, null);
INSERT INTO `jf_cms_film_images` VALUES ('129', '11', 'Uploads/images/filmImages/2017/08/21/20170821171132.jpg', null, null);
INSERT INTO `jf_cms_film_images` VALUES ('130', '11', 'Uploads/images/filmImages/2017/08/21/20170821171134.jpg', null, null);
INSERT INTO `jf_cms_film_images` VALUES ('134', '10', 'Uploads/images/filmImages/2017/08/21/20170821180132.jpg', null, null);
INSERT INTO `jf_cms_film_images` VALUES ('135', '10', 'Uploads/images/filmImages/2017/08/21/20170821180134.jpg', null, null);
INSERT INTO `jf_cms_film_images` VALUES ('139', '9', 'Uploads/images/filmImages/2017/08/21/20170821180158.jpg', null, null);
INSERT INTO `jf_cms_film_images` VALUES ('140', '9', 'Uploads/images/filmImages/2017/08/21/20170821180200.jpg', null, null);
INSERT INTO `jf_cms_film_images` VALUES ('144', '8', 'Uploads/images/filmImages/2017/08/21/20170821180222.jpg', null, null);
INSERT INTO `jf_cms_film_images` VALUES ('145', '8', 'Uploads/images/filmImages/2017/08/21/20170821180224.jpg', null, null);
INSERT INTO `jf_cms_film_images` VALUES ('149', '7', 'Uploads/images/filmImages/2017/08/21/20170821180243.jpg', null, null);
INSERT INTO `jf_cms_film_images` VALUES ('150', '7', 'Uploads/images/filmImages/2017/08/21/20170821180245.jpg', null, null);
INSERT INTO `jf_cms_film_images` VALUES ('154', '6', 'Uploads/images/filmImages/2017/08/21/20170821180304.jpg', null, null);
INSERT INTO `jf_cms_film_images` VALUES ('155', '6', 'Uploads/images/filmImages/2017/08/21/20170821180306.jpg', null, null);
INSERT INTO `jf_cms_film_images` VALUES ('342', '3', 'assets/images/default-film-img.jpg', null, null);
INSERT INTO `jf_cms_film_images` VALUES ('341', '3', 'assets/images/default-film-img.jpg', null, null);
INSERT INTO `jf_cms_film_images` VALUES ('215', '14', 'assets/images/default-film-img.jpg', null, null);
INSERT INTO `jf_cms_film_images` VALUES ('214', '14', 'assets/images/default-film-img.jpg', null, null);
INSERT INTO `jf_cms_film_images` VALUES ('213', '14', 'assets/images/default-film-img.jpg', null, null);
INSERT INTO `jf_cms_film_images` VALUES ('212', '14', 'assets/images/default-film-img.jpg', null, null);
INSERT INTO `jf_cms_film_images` VALUES ('211', '14', 'assets/images/default-film-img.jpg', null, null);
INSERT INTO `jf_cms_film_images` VALUES ('210', '15', 'assets/images/default-film-img.jpg', null, null);
INSERT INTO `jf_cms_film_images` VALUES ('209', '15', 'assets/images/default-film-img.jpg', null, null);
INSERT INTO `jf_cms_film_images` VALUES ('208', '15', 'assets/images/default-film-img.jpg', null, null);
INSERT INTO `jf_cms_film_images` VALUES ('207', '15', 'assets/images/default-film-img.jpg', null, null);
INSERT INTO `jf_cms_film_images` VALUES ('206', '15', 'assets/images/default-film-img.jpg', null, null);
INSERT INTO `jf_cms_film_images` VALUES ('181', '16', 'assets/images/default-film-img.jpg', null, null);
INSERT INTO `jf_cms_film_images` VALUES ('182', '16', 'assets/images/default-film-img.jpg', null, null);
INSERT INTO `jf_cms_film_images` VALUES ('183', '16', 'assets/images/default-film-img.jpg', null, null);
INSERT INTO `jf_cms_film_images` VALUES ('184', '16', 'assets/images/default-film-img.jpg', null, null);
INSERT INTO `jf_cms_film_images` VALUES ('185', '16', 'assets/images/default-film-img.jpg', null, null);
INSERT INTO `jf_cms_film_images` VALUES ('186', '17', 'assets/images/default-film-img.jpg', null, null);
INSERT INTO `jf_cms_film_images` VALUES ('187', '17', 'assets/images/default-film-img.jpg', null, null);
INSERT INTO `jf_cms_film_images` VALUES ('188', '17', 'assets/images/default-film-img.jpg', null, null);
INSERT INTO `jf_cms_film_images` VALUES ('189', '17', 'assets/images/default-film-img.jpg', null, null);
INSERT INTO `jf_cms_film_images` VALUES ('190', '17', 'assets/images/default-film-img.jpg', null, null);
INSERT INTO `jf_cms_film_images` VALUES ('191', '18', 'assets/images/default-film-img.jpg', null, null);
INSERT INTO `jf_cms_film_images` VALUES ('192', '18', 'assets/images/default-film-img.jpg', null, null);
INSERT INTO `jf_cms_film_images` VALUES ('193', '18', 'assets/images/default-film-img.jpg', null, null);
INSERT INTO `jf_cms_film_images` VALUES ('194', '18', 'assets/images/default-film-img.jpg', null, null);
INSERT INTO `jf_cms_film_images` VALUES ('195', '18', 'assets/images/default-film-img.jpg', null, null);
INSERT INTO `jf_cms_film_images` VALUES ('205', '19', 'assets/images/default-film-img.jpg', null, null);
INSERT INTO `jf_cms_film_images` VALUES ('204', '19', 'assets/images/default-film-img.jpg', null, null);
INSERT INTO `jf_cms_film_images` VALUES ('203', '19', 'assets/images/default-film-img.jpg', null, null);
INSERT INTO `jf_cms_film_images` VALUES ('202', '19', 'assets/images/default-film-img.jpg', null, null);
INSERT INTO `jf_cms_film_images` VALUES ('201', '19', 'assets/images/default-film-img.jpg', null, null);
INSERT INTO `jf_cms_film_images` VALUES ('225', '20', 'assets/images/default-film-img.jpg', null, null);
INSERT INTO `jf_cms_film_images` VALUES ('224', '20', 'assets/images/default-film-img.jpg', null, null);
INSERT INTO `jf_cms_film_images` VALUES ('223', '20', 'assets/images/default-film-img.jpg', null, null);
INSERT INTO `jf_cms_film_images` VALUES ('222', '20', 'assets/images/default-film-img.jpg', null, null);
INSERT INTO `jf_cms_film_images` VALUES ('221', '20', 'assets/images/default-film-img.jpg', null, null);
INSERT INTO `jf_cms_film_images` VALUES ('226', '21', 'assets/images/default-film-img.jpg', null, null);
INSERT INTO `jf_cms_film_images` VALUES ('227', '21', 'assets/images/default-film-img.jpg', null, null);
INSERT INTO `jf_cms_film_images` VALUES ('228', '21', 'assets/images/default-film-img.jpg', null, null);
INSERT INTO `jf_cms_film_images` VALUES ('229', '21', 'assets/images/default-film-img.jpg', null, null);
INSERT INTO `jf_cms_film_images` VALUES ('230', '21', 'assets/images/default-film-img.jpg', null, null);
INSERT INTO `jf_cms_film_images` VALUES ('231', '22', 'assets/images/default-film-img.jpg', null, null);
INSERT INTO `jf_cms_film_images` VALUES ('232', '22', 'assets/images/default-film-img.jpg', null, null);
INSERT INTO `jf_cms_film_images` VALUES ('233', '22', 'assets/images/default-film-img.jpg', null, null);
INSERT INTO `jf_cms_film_images` VALUES ('234', '22', 'assets/images/default-film-img.jpg', null, null);
INSERT INTO `jf_cms_film_images` VALUES ('235', '22', 'assets/images/default-film-img.jpg', null, null);
INSERT INTO `jf_cms_film_images` VALUES ('236', '23', 'assets/images/default-film-img.jpg', null, null);
INSERT INTO `jf_cms_film_images` VALUES ('237', '23', 'assets/images/default-film-img.jpg', null, null);
INSERT INTO `jf_cms_film_images` VALUES ('238', '23', 'assets/images/default-film-img.jpg', null, null);
INSERT INTO `jf_cms_film_images` VALUES ('239', '23', 'assets/images/default-film-img.jpg', null, null);
INSERT INTO `jf_cms_film_images` VALUES ('240', '23', 'assets/images/default-film-img.jpg', null, null);
INSERT INTO `jf_cms_film_images` VALUES ('241', '24', 'assets/images/default-film-img.jpg', null, null);
INSERT INTO `jf_cms_film_images` VALUES ('242', '24', 'assets/images/default-film-img.jpg', null, null);
INSERT INTO `jf_cms_film_images` VALUES ('243', '24', 'assets/images/default-film-img.jpg', null, null);
INSERT INTO `jf_cms_film_images` VALUES ('244', '24', 'assets/images/default-film-img.jpg', null, null);
INSERT INTO `jf_cms_film_images` VALUES ('245', '24', 'assets/images/default-film-img.jpg', null, null);
INSERT INTO `jf_cms_film_images` VALUES ('246', '25', 'assets/images/default-film-img.jpg', null, null);
INSERT INTO `jf_cms_film_images` VALUES ('247', '25', 'assets/images/default-film-img.jpg', null, null);
INSERT INTO `jf_cms_film_images` VALUES ('248', '25', 'assets/images/default-film-img.jpg', null, null);
INSERT INTO `jf_cms_film_images` VALUES ('249', '25', 'assets/images/default-film-img.jpg', null, null);
INSERT INTO `jf_cms_film_images` VALUES ('250', '25', 'assets/images/default-film-img.jpg', null, null);
INSERT INTO `jf_cms_film_images` VALUES ('270', '26', 'assets/images/default-film-img.jpg', null, null);
INSERT INTO `jf_cms_film_images` VALUES ('269', '26', 'assets/images/default-film-img.jpg', null, null);
INSERT INTO `jf_cms_film_images` VALUES ('268', '26', 'assets/images/default-film-img.jpg', null, null);
INSERT INTO `jf_cms_film_images` VALUES ('267', '26', 'assets/images/default-film-img.jpg', null, null);
INSERT INTO `jf_cms_film_images` VALUES ('266', '26', 'assets/images/default-film-img.jpg', null, null);
INSERT INTO `jf_cms_film_images` VALUES ('256', '27', 'assets/images/default-film-img.jpg', null, null);
INSERT INTO `jf_cms_film_images` VALUES ('257', '27', 'assets/images/default-film-img.jpg', null, null);
INSERT INTO `jf_cms_film_images` VALUES ('258', '27', 'assets/images/default-film-img.jpg', null, null);
INSERT INTO `jf_cms_film_images` VALUES ('259', '27', 'assets/images/default-film-img.jpg', null, null);
INSERT INTO `jf_cms_film_images` VALUES ('260', '27', 'assets/images/default-film-img.jpg', null, null);
INSERT INTO `jf_cms_film_images` VALUES ('261', '28', 'assets/images/default-film-img.jpg', null, null);
INSERT INTO `jf_cms_film_images` VALUES ('262', '28', 'assets/images/default-film-img.jpg', null, null);
INSERT INTO `jf_cms_film_images` VALUES ('263', '28', 'assets/images/default-film-img.jpg', null, null);
INSERT INTO `jf_cms_film_images` VALUES ('264', '28', 'assets/images/default-film-img.jpg', null, null);
INSERT INTO `jf_cms_film_images` VALUES ('265', '28', 'assets/images/default-film-img.jpg', null, null);
INSERT INTO `jf_cms_film_images` VALUES ('271', '29', 'assets/images/default-film-img.jpg', null, null);
INSERT INTO `jf_cms_film_images` VALUES ('272', '29', 'assets/images/default-film-img.jpg', null, null);
INSERT INTO `jf_cms_film_images` VALUES ('273', '29', 'assets/images/default-film-img.jpg', null, null);
INSERT INTO `jf_cms_film_images` VALUES ('274', '29', 'assets/images/default-film-img.jpg', null, null);
INSERT INTO `jf_cms_film_images` VALUES ('275', '29', 'assets/images/default-film-img.jpg', null, null);
INSERT INTO `jf_cms_film_images` VALUES ('276', '30', 'assets/images/default-film-img.jpg', null, null);
INSERT INTO `jf_cms_film_images` VALUES ('277', '30', 'assets/images/default-film-img.jpg', null, null);
INSERT INTO `jf_cms_film_images` VALUES ('278', '30', 'assets/images/default-film-img.jpg', null, null);
INSERT INTO `jf_cms_film_images` VALUES ('279', '30', 'assets/images/default-film-img.jpg', null, null);
INSERT INTO `jf_cms_film_images` VALUES ('280', '30', 'assets/images/default-film-img.jpg', null, null);
INSERT INTO `jf_cms_film_images` VALUES ('281', '31', 'assets/images/default-film-img.jpg', null, null);
INSERT INTO `jf_cms_film_images` VALUES ('282', '31', 'assets/images/default-film-img.jpg', null, null);
INSERT INTO `jf_cms_film_images` VALUES ('283', '31', 'assets/images/default-film-img.jpg', null, null);
INSERT INTO `jf_cms_film_images` VALUES ('284', '31', 'assets/images/default-film-img.jpg', null, null);
INSERT INTO `jf_cms_film_images` VALUES ('285', '31', 'assets/images/default-film-img.jpg', null, null);
INSERT INTO `jf_cms_film_images` VALUES ('286', '32', 'assets/images/default-film-img.jpg', null, null);
INSERT INTO `jf_cms_film_images` VALUES ('287', '32', 'assets/images/default-film-img.jpg', null, null);
INSERT INTO `jf_cms_film_images` VALUES ('288', '32', 'assets/images/default-film-img.jpg', null, null);
INSERT INTO `jf_cms_film_images` VALUES ('289', '32', 'assets/images/default-film-img.jpg', null, null);
INSERT INTO `jf_cms_film_images` VALUES ('290', '32', 'assets/images/default-film-img.jpg', null, null);
INSERT INTO `jf_cms_film_images` VALUES ('291', '33', 'assets/images/default-film-img.jpg', null, null);
INSERT INTO `jf_cms_film_images` VALUES ('292', '33', 'assets/images/default-film-img.jpg', null, null);
INSERT INTO `jf_cms_film_images` VALUES ('293', '33', 'assets/images/default-film-img.jpg', null, null);
INSERT INTO `jf_cms_film_images` VALUES ('294', '33', 'assets/images/default-film-img.jpg', null, null);
INSERT INTO `jf_cms_film_images` VALUES ('295', '33', 'assets/images/default-film-img.jpg', null, null);
INSERT INTO `jf_cms_film_images` VALUES ('296', '34', 'assets/images/default-film-img.jpg', null, null);
INSERT INTO `jf_cms_film_images` VALUES ('297', '34', 'assets/images/default-film-img.jpg', null, null);
INSERT INTO `jf_cms_film_images` VALUES ('298', '34', 'assets/images/default-film-img.jpg', null, null);
INSERT INTO `jf_cms_film_images` VALUES ('299', '34', 'assets/images/default-film-img.jpg', null, null);
INSERT INTO `jf_cms_film_images` VALUES ('300', '34', 'assets/images/default-film-img.jpg', null, null);
INSERT INTO `jf_cms_film_images` VALUES ('301', '35', 'assets/images/default-film-img.jpg', null, null);
INSERT INTO `jf_cms_film_images` VALUES ('302', '35', 'assets/images/default-film-img.jpg', null, null);
INSERT INTO `jf_cms_film_images` VALUES ('303', '35', 'assets/images/default-film-img.jpg', null, null);
INSERT INTO `jf_cms_film_images` VALUES ('304', '35', 'assets/images/default-film-img.jpg', null, null);
INSERT INTO `jf_cms_film_images` VALUES ('305', '35', 'assets/images/default-film-img.jpg', null, null);
INSERT INTO `jf_cms_film_images` VALUES ('306', '36', 'assets/images/default-film-img.jpg', null, null);
INSERT INTO `jf_cms_film_images` VALUES ('307', '36', 'assets/images/default-film-img.jpg', null, null);
INSERT INTO `jf_cms_film_images` VALUES ('308', '36', 'assets/images/default-film-img.jpg', null, null);
INSERT INTO `jf_cms_film_images` VALUES ('309', '36', 'assets/images/default-film-img.jpg', null, null);
INSERT INTO `jf_cms_film_images` VALUES ('310', '36', 'assets/images/default-film-img.jpg', null, null);
INSERT INTO `jf_cms_film_images` VALUES ('311', '37', 'assets/images/default-film-img.jpg', null, null);
INSERT INTO `jf_cms_film_images` VALUES ('312', '37', 'assets/images/default-film-img.jpg', null, null);
INSERT INTO `jf_cms_film_images` VALUES ('313', '37', 'assets/images/default-film-img.jpg', null, null);
INSERT INTO `jf_cms_film_images` VALUES ('314', '37', 'assets/images/default-film-img.jpg', null, null);
INSERT INTO `jf_cms_film_images` VALUES ('315', '37', 'assets/images/default-film-img.jpg', null, null);
INSERT INTO `jf_cms_film_images` VALUES ('316', '38', 'assets/images/default-film-img.jpg', null, null);
INSERT INTO `jf_cms_film_images` VALUES ('317', '38', 'assets/images/default-film-img.jpg', null, null);
INSERT INTO `jf_cms_film_images` VALUES ('318', '38', 'assets/images/default-film-img.jpg', null, null);
INSERT INTO `jf_cms_film_images` VALUES ('319', '38', 'assets/images/default-film-img.jpg', null, null);
INSERT INTO `jf_cms_film_images` VALUES ('320', '38', 'assets/images/default-film-img.jpg', null, null);
INSERT INTO `jf_cms_film_images` VALUES ('321', '39', 'assets/images/default-film-img.jpg', null, null);
INSERT INTO `jf_cms_film_images` VALUES ('322', '39', 'assets/images/default-film-img.jpg', null, null);
INSERT INTO `jf_cms_film_images` VALUES ('323', '39', 'assets/images/default-film-img.jpg', null, null);
INSERT INTO `jf_cms_film_images` VALUES ('324', '39', 'assets/images/default-film-img.jpg', null, null);
INSERT INTO `jf_cms_film_images` VALUES ('325', '39', 'assets/images/default-film-img.jpg', null, null);
INSERT INTO `jf_cms_film_images` VALUES ('326', '40', 'assets/images/default-film-img.jpg', null, null);
INSERT INTO `jf_cms_film_images` VALUES ('327', '40', 'assets/images/default-film-img.jpg', null, null);
INSERT INTO `jf_cms_film_images` VALUES ('328', '40', 'assets/images/default-film-img.jpg', null, null);
INSERT INTO `jf_cms_film_images` VALUES ('329', '40', 'assets/images/default-film-img.jpg', null, null);
INSERT INTO `jf_cms_film_images` VALUES ('330', '40', 'assets/images/default-film-img.jpg', null, null);
INSERT INTO `jf_cms_film_images` VALUES ('331', '41', 'assets/images/default-film-img.jpg', null, null);
INSERT INTO `jf_cms_film_images` VALUES ('332', '41', 'assets/images/default-film-img.jpg', null, null);
INSERT INTO `jf_cms_film_images` VALUES ('333', '41', 'assets/images/default-film-img.jpg', null, null);
INSERT INTO `jf_cms_film_images` VALUES ('334', '41', 'assets/images/default-film-img.jpg', null, null);
INSERT INTO `jf_cms_film_images` VALUES ('335', '41', 'assets/images/default-film-img.jpg', null, null);

-- ----------------------------
-- Table structure for jf_cms_film_sequels
-- ----------------------------
DROP TABLE IF EXISTS `jf_cms_film_sequels`;
CREATE TABLE `jf_cms_film_sequels` (
  `id` int(11) NOT NULL AUTO_INCREMENT,
  `film_id` int(11) NOT NULL,
  `name` varchar(255) NOT NULL COMMENT '第n集',
  `title` varchar(255) DEFAULT NULL,
  `reorder` int(11) NOT NULL,
  `wangpan` varchar(255) DEFAULT NULL,
  `xunlei` varchar(255) DEFAULT NULL,
  PRIMARY KEY (`id`)
) ENGINE=MyISAM AUTO_INCREMENT=16 DEFAULT CHARSET=utf8;

-- ----------------------------
-- Records of jf_cms_film_sequels
-- ----------------------------
INSERT INTO `jf_cms_film_sequels` VALUES ('11', '4', '《战狼1》', null, '1', '#', '#');
INSERT INTO `jf_cms_film_sequels` VALUES ('5', '3', '《指环王2双塔奇兵》', null, '1', '链接: http://pan.baidu.com/s/1mhWA6sK 密码: 9syx', '#');
INSERT INTO `jf_cms_film_sequels` VALUES ('4', '3', '《指环王1魔戒现身》', null, '1', '链接: http://pan.baidu.com/s/1bo64zIR 密码: b795', '#');
INSERT INTO `jf_cms_film_sequels` VALUES ('6', '3', '《指环王3王者归来》', null, '1', '链接: http://pan.baidu.com/s/1c2fEuLM 密码: jp6x', '#');
INSERT INTO `jf_cms_film_sequels` VALUES ('7', '2', '第一集', null, '1', '#', '#');
INSERT INTO `jf_cms_film_sequels` VALUES ('8', '2', '第二集', null, '1', '#', '#');
INSERT INTO `jf_cms_film_sequels` VALUES ('9', '2', '第三集', null, '1', '#', '#');
INSERT INTO `jf_cms_film_sequels` VALUES ('10', '2', '第四集', null, '1', '#', '#');
INSERT INTO `jf_cms_film_sequels` VALUES ('12', '4', '《战狼2》', null, '1', '#', '#');
INSERT INTO `jf_cms_film_sequels` VALUES ('13', '5', '第一部', null, '1', '链接: http://pan.baidu.com/s/1skNCTq9  密码: q6ck', '#');
INSERT INTO `jf_cms_film_sequels` VALUES ('14', '5', '第二部', null, '1', '链接: http://pan.baidu.com/s/1hskVSc0 密码: ahf8', '#');
INSERT INTO `jf_cms_film_sequels` VALUES ('15', '5', '第三部', null, '1', '链接: http://pan.baidu.com/s/1mhQ4PwG 密码: wed1', '#');

-- ----------------------------
-- Table structure for jf_links
-- ----------------------------
DROP TABLE IF EXISTS `jf_links`;
CREATE TABLE `jf_links` (
  `id` int(11) NOT NULL AUTO_INCREMENT,
  `name` varchar(100) NOT NULL COMMENT '友情链接名称',
  `url` varchar(255) NOT NULL DEFAULT '#' COMMENT '访问地址',
  `logo` varchar(255) DEFAULT NULL,
  `target` varchar(50) DEFAULT NULL,
  `reorder` int(11) NOT NULL DEFAULT '1',
  PRIMARY KEY (`id`)
) ENGINE=MyISAM AUTO_INCREMENT=9 DEFAULT CHARSET=utf8;

-- ----------------------------
-- Records of jf_links
-- ----------------------------
INSERT INTO `jf_links` VALUES ('3', '番茄派', 'http://www.xiudoua.com', 'Uploads/images/links/2017/08/21/20170821110924.jpg', '', '3');
INSERT INTO `jf_links` VALUES ('4', '飘花电影网', 'http://www.xiudoua.com', 'Uploads/images/links/2017/08/21/20170821110939.jpg', '', '4');
INSERT INTO `jf_links` VALUES ('1', '秀逗啊', 'http://www.xiudoua.com', 'Uploads/images/links/2017/08/21/20170821110818.jpg', '', '1');
INSERT INTO `jf_links` VALUES ('2', 'BD电影下载', 'http://www.bd-film.com', 'Uploads/images/links/2017/08/21/20170821110837.jpg', '', '2');
INSERT INTO `jf_links` VALUES ('5', 'YY6029', 'http://www.xiudoua.com', 'Uploads/images/links/2017/08/21/20170821111007.jpg', '', '5');
INSERT INTO `jf_links` VALUES ('6', '堆糖', 'http://www.xiudoua.com', 'Uploads/images/links/2017/08/21/20170821111033.jpg', '', '6');
INSERT INTO `jf_links` VALUES ('7', '51人人看电影', 'http://www.xiudoua.com', 'Uploads/images/links/2017/08/21/20170821111057.jpg', '', '7');
INSERT INTO `jf_links` VALUES ('8', '中国网络菜市场', 'http://www.zgwlcsc.com', 'Uploads/images/links/2017/08/24/20170824153042.jpg', '_blank', '1');

-- ----------------------------
-- Table structure for jf_messages
-- ----------------------------
DROP TABLE IF EXISTS `jf_messages`;
CREATE TABLE `jf_messages` (
  `id` int(11) NOT NULL AUTO_INCREMENT,
  `user_name` varchar(20) NOT NULL COMMENT '留言用户姓名',
  `email` varchar(255) NOT NULL,
  `content` varchar(2000) NOT NULL COMMENT '留言内容',
  `add_time` bigint(11) NOT NULL COMMENT '留言添加时间',
  PRIMARY KEY (`id`)
) ENGINE=MyISAM AUTO_INCREMENT=9 DEFAULT CHARSET=utf8;

-- ----------------------------
-- Records of jf_messages
-- ----------------------------

-- ----------------------------
-- Table structure for jf_notices
-- ----------------------------
DROP TABLE IF EXISTS `jf_notices`;
CREATE TABLE `jf_notices` (
  `id` int(11) NOT NULL AUTO_INCREMENT,
  `accept_ids` varchar(1000) DEFAULT NULL COMMENT '接收者ID序列',
  `refuse_ids` varchar(1000) DEFAULT NULL COMMENT '拒绝者ID序列',
  `is_send_to_all` tinyint(2) NOT NULL DEFAULT '1' COMMENT '是否发送给所有人',
  `title` varchar(1000) NOT NULL,
  `content` text NOT NULL,
  `send_time` bigint(11) NOT NULL DEFAULT '1' COMMENT '发送时间',
  PRIMARY KEY (`id`)
) ENGINE=MyISAM AUTO_INCREMENT=5 DEFAULT CHARSET=utf8;

-- ----------------------------
-- Records of jf_notices
-- ----------------------------
INSERT INTO `jf_notices` VALUES ('2', '', '', '1', '秀逗啊网站成功开启', '秀逗啊网站成功开启', '1501485187000');

-- ----------------------------
-- Table structure for jf_seo
-- ----------------------------
DROP TABLE IF EXISTS `jf_seo`;
CREATE TABLE `jf_seo` (
  `id` int(11) NOT NULL,
  `title` varchar(255) NOT NULL,
  `keywords` varchar(255) NOT NULL,
  `description` text,
  `type` varchar(20) NOT NULL DEFAULT 'cms',
  PRIMARY KEY (`id`)
) ENGINE=MyISAM DEFAULT CHARSET=utf8;

-- ----------------------------
-- Records of jf_seo
-- ----------------------------

-- ----------------------------
-- Table structure for jf_settings
-- ----------------------------
DROP TABLE IF EXISTS `jf_settings`;
CREATE TABLE `jf_settings` (
  `name` varchar(100) NOT NULL,
  `value` varchar(255) DEFAULT NULL,
  PRIMARY KEY (`name`)
) ENGINE=MyISAM DEFAULT CHARSET=utf8;

-- ----------------------------
-- Records of jf_settings
-- ----------------------------
INSERT INTO `jf_settings` VALUES ('siteName', '秀逗啊');
INSERT INTO `jf_settings` VALUES ('logo', 'assets/images/logo.png');
INSERT INTO `jf_settings` VALUES ('recordNumber', '黔ICP备*****号');
INSERT INTO `jf_settings` VALUES ('siteNumber', '15597849776');
INSERT INTO `jf_settings` VALUES ('siteEmail', 'justfresh@foxmail.com');
INSERT INTO `jf_settings` VALUES ('thirdStatistics', '第三方统计');
INSERT INTO `jf_settings` VALUES ('longitude', '104.898282');
INSERT INTO `jf_settings` VALUES ('latitude', '26.589085');
INSERT INTO `jf_settings` VALUES ('weixin', 'Uploads/images/settings/2017/07/29/20170729105114.jpg');
INSERT INTO `jf_settings` VALUES ('qq', '3588575916');
INSERT INTO `jf_settings` VALUES ('weixinNumber', 'weixin_pengjianhong');

-- ----------------------------
-- Table structure for jf_shop_cart
-- ----------------------------
DROP TABLE IF EXISTS `jf_shop_cart`;
CREATE TABLE `jf_shop_cart` (
  `id` int(10) unsigned NOT NULL AUTO_INCREMENT,
  `add_time` bigint(11) unsigned NOT NULL DEFAULT '0',
  `product_id` int(10) unsigned NOT NULL DEFAULT '0',
  `product_num` smallint(5) unsigned NOT NULL DEFAULT '1',
  `prorule_key` varchar(30) NOT NULL COMMENT '规格id组合',
  `user_id` varchar(32) NOT NULL,
  PRIMARY KEY (`id`),
  KEY `product_id` (`product_id`),
  KEY `user_id` (`user_id`)
) ENGINE=MyISAM AUTO_INCREMENT=3 DEFAULT CHARSET=utf8;

-- ----------------------------
-- Records of jf_shop_cart
-- ----------------------------

-- ----------------------------
-- Table structure for jf_shop_category
-- ----------------------------
DROP TABLE IF EXISTS `jf_shop_category`;
CREATE TABLE `jf_shop_category` (
  `id` int(11) unsigned NOT NULL AUTO_INCREMENT,
  `parent_id` int(11) unsigned DEFAULT '0' COMMENT '父分类ID',
  `category_name` varchar(50) NOT NULL,
  `full_name` varchar(500) NOT NULL,
  `thumb` varchar(128) DEFAULT NULL,
  `status` tinyint(2) NOT NULL DEFAULT '0',
  `add_time` bigint(11) NOT NULL,
  `reorder` tinyint(2) unsigned NOT NULL DEFAULT '0',
  `description` varchar(1000) DEFAULT NULL,
  PRIMARY KEY (`id`)
) ENGINE=MyISAM AUTO_INCREMENT=6 DEFAULT CHARSET=utf8;

-- ----------------------------
-- Records of jf_shop_category
-- ----------------------------

-- ----------------------------
-- Table structure for jf_shop_goods
-- ----------------------------
DROP TABLE IF EXISTS `jf_shop_goods`;
CREATE TABLE `jf_shop_goods` (
  `id` int(5) unsigned NOT NULL AUTO_INCREMENT COMMENT '商品id',
  `goods_name` varchar(50) NOT NULL COMMENT '商品名称',
  `goods_detail` text NOT NULL COMMENT '商品描述',
  `mobile_detail` text NOT NULL COMMENT '手机wap页面详情',
  `keywords` varchar(50) NOT NULL COMMENT '页面关键词',
  `goods_thumb` varchar(128) NOT NULL COMMENT '商品logo',
  `goods_images` varchar(1000) NOT NULL COMMENT '商品相册',
  `goods_price` decimal(10,1) unsigned NOT NULL DEFAULT '0.0' COMMENT '商品价格',
  `goods_rprice` decimal(10,1) unsigned NOT NULL DEFAULT '0.0' COMMENT '商品商城价（有活动即活动价）',
  `market_price` decimal(10,1) unsigned NOT NULL DEFAULT '0.0' COMMENT '商品市场价',
  `wl_price` decimal(10,1) unsigned NOT NULL DEFAULT '0.0' COMMENT '商品物流价',
  `points` smallint(5) unsigned NOT NULL DEFAULT '0' COMMENT '赠送积分',
  `goods_mark` varchar(20) NOT NULL COMMENT '商品货号',
  `status` tinyint(2) unsigned NOT NULL DEFAULT '1' COMMENT '商品状态',
  `product_atime` int(10) unsigned NOT NULL DEFAULT '0' COMMENT '商品发布时间',
  `reorder` tinyint(3) unsigned NOT NULL DEFAULT '255' COMMENT '商品排序',
  `storage_num` smallint(5) unsigned NOT NULL COMMENT '商品库存数',
  `sale_num` int(10) unsigned NOT NULL DEFAULT '0' COMMENT '商品销售数',
  `click_num` int(10) unsigned NOT NULL DEFAULT '0' COMMENT '商品点击数',
  `collect_num` int(10) unsigned NOT NULL DEFAULT '0' COMMENT '商品收藏数',
  `ask_num` int(10) unsigned NOT NULL DEFAULT '0' COMMENT '商品咨询数',
  `comment_num` int(10) unsigned NOT NULL DEFAULT '0' COMMENT '商品评价数',
  `is_recommend` tinyint(2) unsigned NOT NULL DEFAULT '0' COMMENT '是否推荐商品',
  `is_boutique` tinyint(2) NOT NULL DEFAULT '0' COMMENT '是否精品',
  `is_news` tinyint(2) NOT NULL DEFAULT '0' COMMENT '是否新品',
  `category_id` smallint(5) unsigned NOT NULL COMMENT '商品分类id',
  `brand_id` smallint(5) unsigned DEFAULT '0' COMMENT '品牌id',
  `spec_ids` varchar(30) DEFAULT NULL COMMENT '商品规格id',
  PRIMARY KEY (`id`),
  KEY `category_id` (`category_id`),
  KEY `brand_id` (`brand_id`)
) ENGINE=MyISAM AUTO_INCREMENT=7 DEFAULT CHARSET=utf8;

-- ----------------------------
-- Records of jf_shop_goods
-- ----------------------------

-- ----------------------------
-- Table structure for jf_shop_goods_spec
-- ----------------------------
DROP TABLE IF EXISTS `jf_shop_goods_spec`;
CREATE TABLE `jf_shop_goods_spec` (
  `id` int(11) NOT NULL AUTO_INCREMENT,
  PRIMARY KEY (`id`)
) ENGINE=MyISAM DEFAULT CHARSET=utf8;

-- ----------------------------
-- Records of jf_shop_goods_spec
-- ----------------------------

-- ----------------------------
-- Table structure for jf_shop_goods_spec_value
-- ----------------------------
DROP TABLE IF EXISTS `jf_shop_goods_spec_value`;
CREATE TABLE `jf_shop_goods_spec_value` (
  `id` int(11) NOT NULL AUTO_INCREMENT,
  PRIMARY KEY (`id`)
) ENGINE=MyISAM DEFAULT CHARSET=utf8;

-- ----------------------------
-- Records of jf_shop_goods_spec_value
-- ----------------------------

-- ----------------------------
-- Table structure for jf_shop_payway
-- ----------------------------
DROP TABLE IF EXISTS `jf_shop_payway`;
CREATE TABLE `jf_shop_payway` (
  `id` tinyint(3) unsigned NOT NULL AUTO_INCREMENT,
  `payway_name` varchar(10) NOT NULL,
  `payway_mark` varchar(15) NOT NULL,
  `payway_logo` varchar(100) NOT NULL,
  `payway_model` text NOT NULL,
  `payway_config` text NOT NULL,
  `payway_text` varchar(255) NOT NULL,
  `payway_order` tinyint(3) unsigned NOT NULL DEFAULT '0',
  `payway_state` tinyint(1) unsigned NOT NULL DEFAULT '1',
  PRIMARY KEY (`id`)
) ENGINE=MyISAM AUTO_INCREMENT=8 DEFAULT CHARSET=utf8;

-- ----------------------------
-- Records of jf_shop_payway
-- ----------------------------

-- ----------------------------
-- Table structure for jf_shop_useraddr
-- ----------------------------
DROP TABLE IF EXISTS `jf_shop_useraddr`;
CREATE TABLE `jf_shop_useraddr` (
  `id` int(10) unsigned NOT NULL AUTO_INCREMENT,
  `province` varchar(20) NOT NULL,
  `city` varchar(20) NOT NULL,
  `area` varchar(20) NOT NULL,
  `detail` varchar(100) NOT NULL,
  `add_time` bigint(11) unsigned NOT NULL DEFAULT '0',
  `is_default` tinyint(2) unsigned NOT NULL DEFAULT '0',
  `user_id` int(10) unsigned NOT NULL DEFAULT '0',
  `user_name` varchar(20) NOT NULL,
  `accepter_tname` varchar(10) NOT NULL,
  `accepter_phone` char(11) NOT NULL,
  PRIMARY KEY (`id`),
  KEY `user_id` (`user_id`)
) ENGINE=MyISAM AUTO_INCREMENT=2 DEFAULT CHARSET=utf8;

-- ----------------------------
-- Records of jf_shop_useraddr
-- ----------------------------
INSERT INTO `jf_shop_useraddr` VALUES ('1', '海南', '琼海', '琼海', '咯就哦皮夹克皮夹克', '1497512127', '0', '2', 'llwsy', '小罗', '18198098108');

-- ----------------------------
-- Table structure for jf_user
-- ----------------------------
DROP TABLE IF EXISTS `jf_user`;
CREATE TABLE `jf_user` (
  `id` int(11) NOT NULL AUTO_INCREMENT,
  `user_id` int(11) DEFAULT NULL COMMENT '用户ID',
  `user_name` varchar(100) NOT NULL COMMENT '用户名',
  `nick_name` varchar(255) DEFAULT NULL,
  `password` varchar(70) NOT NULL COMMENT '用户密码（MD5加密）',
  `phone` char(20) DEFAULT NULL COMMENT '手机号',
  `is_check_phone` tinyint(2) DEFAULT NULL COMMENT '是否已验证手机',
  `gender` char(10) DEFAULT NULL,
  `qq` char(20) DEFAULT NULL,
  `email` char(50) DEFAULT NULL,
  `is_check_email` tinyint(2) DEFAULT NULL COMMENT '是否验证邮箱',
  `address` varchar(1000) DEFAULT NULL,
  `thumb` varchar(500) NOT NULL,
  `post` varchar(255) DEFAULT NULL COMMENT '职业',
  `introduce` varchar(1000) DEFAULT NULL,
  `status` tinyint(2) NOT NULL DEFAULT '1',
  `reg_time` bigint(11) NOT NULL,
  `last_login_time` bigint(11) DEFAULT NULL,
  `last_login_ip` varchar(100) DEFAULT NULL,
  `description` varchar(2000) DEFAULT NULL,
  PRIMARY KEY (`id`)
) ENGINE=MyISAM AUTO_INCREMENT=6 DEFAULT CHARSET=utf8;

-- ----------------------------
-- Records of jf_user
-- ----------------------------
INSERT INTO `jf_user` VALUES ('1', null, 'admin', 'JustFresh', '96e79218965eb72c92a549dd5a330112', '', '-1', '男', null, '', '-1', null, 'Uploads/images/users/2017/07/29/20170729212357.jpg', null, null, '1', '1501334648000', '1501334648000', null, null);
INSERT INTO `jf_user` VALUES ('2', null, 'zhangsan', '张三的哥', '96e79218965eb72c92a549dd5a330112', '15597849776', '1', '男', '991058975', '', '-1', '', 'Uploads/images/users/2017/07/29/20170729215029.png', null, '', '1', '1501336239000', '1501336239000', null, null);
